Payment ID,Invoice No,Payment Date,Amount Paid
PAY000001,INV00235,21/1/2023 0:00,1383.16
PAY000002,INV00400,27/1/2023 0:00,4722
PAY000003,INV00225,28/1/2023 0:00,1692.65
PAY000004,INV01107,29/1/2023 0:00,16009
PAY000005,INV00140,30/1/2023 0:00,6130
PAY000006,INV00664,2/2/2023 0:00,4118.22
PAY000007,INV01199,3/2/2023 0:00,167.77
PAY000008,INV00157,4/2/2023 0:00,4488.38
PAY000009,INV01466,11/2/2023 0:00,12130.28
PAY000010,INV01016,11/2/2023 0:00,3702.57
PAY000011,INV00752,14/2/2023 0:00,4609.24
PAY000012,INV00243,17/2/2023 0:00,1673.76
PAY000013,INV00982,17/2/2023 0:00,2776.4
PAY000014,INV00225,19/2/2023 0:00,1692.64
PAY000015,INV00205,20/2/2023 0:00,10884
PAY000016,INV00175,23/2/2023 0:00,12567.25
PAY000017,INV00378,23/2/2023 0:00,6228.41
PAY000018,INV01302,26/2/2023 0:00,3159.17
PAY000019,INV00658,27/2/2023 0:00,2576.72
PAY000020,INV00235,28/2/2023 0:00,1383.15
PAY000021,INV00016,3/3/2023 0:00,19179.95
PAY000022,INV00658,4/3/2023 0:00,2576.72
PAY000023,INV01449,4/3/2023 0:00,675
PAY000024,INV00785,4/3/2023 0:00,5901.95
PAY000025,INV00858,6/3/2023 0:00,20039.09
PAY000026,INV00545,8/3/2023 0:00,22973.07
PAY000027,INV00999,8/3/2023 0:00,12751.43
PAY000028,INV00938,8/3/2023 0:00,13888
PAY000029,INV00386,10/3/2023 0:00,2695.22
PAY000030,INV00336,11/3/2023 0:00,2014.37
PAY000031,INV00587,11/3/2023 0:00,23961.98
PAY000032,INV00249,11/3/2023 0:00,9095.07
PAY000033,INV01256,12/3/2023 0:00,575.67
PAY000034,INV00786,13/3/2023 0:00,10745
PAY000035,INV00366,14/3/2023 0:00,2212.76
PAY000036,INV01233,14/3/2023 0:00,2577.58
PAY000037,INV01402,14/3/2023 0:00,17828.33
PAY000038,INV00057,15/3/2023 0:00,18008
PAY000039,INV00169,16/3/2023 0:00,11328.41
PAY000040,INV01036,16/3/2023 0:00,4978.93
PAY000041,INV00370,17/3/2023 0:00,1643
PAY000042,INV00078,21/3/2023 0:00,8743
PAY000043,INV00430,21/3/2023 0:00,868
PAY000044,INV00483,22/3/2023 0:00,19598.16
PAY000045,INV01340,25/3/2023 0:00,3518.21
PAY000046,INV01256,26/3/2023 0:00,575.67
PAY000047,INV00849,26/3/2023 0:00,2911.39
PAY000048,INV00169,27/3/2023 0:00,11328.4
PAY000049,INV01281,30/3/2023 0:00,6171
PAY000050,INV01482,31/3/2023 0:00,2581.67
PAY000051,INV00243,1/4/2023 0:00,1673.75
PAY000052,INV00413,1/4/2023 0:00,5130.99
PAY000053,INV00250,2/4/2023 0:00,7904
PAY000054,INV00752,3/4/2023 0:00,4609.24
PAY000055,INV01257,4/4/2023 0:00,1012.82
PAY000056,INV01169,6/4/2023 0:00,18108.59
PAY000057,INV00031,8/4/2023 0:00,2519.56
PAY000058,INV01225,8/4/2023 0:00,1131.26
PAY000059,INV00081,9/4/2023 0:00,20775.05
PAY000060,INV00366,9/4/2023 0:00,2212.77
PAY000061,INV01315,9/4/2023 0:00,4450.89
PAY000062,INV01361,9/4/2023 0:00,12029
PAY000063,INV01082,9/4/2023 0:00,19869
PAY000064,INV00486,10/4/2023 0:00,1112.55
PAY000065,INV01309,10/4/2023 0:00,1375.04
PAY000066,INV00135,13/4/2023 0:00,9303.57
PAY000067,INV00413,13/4/2023 0:00,5131
PAY000068,INV01458,13/4/2023 0:00,3471.92
PAY000069,INV01466,13/4/2023 0:00,12130.28
PAY000070,INV00543,14/4/2023 0:00,3805.58
PAY000071,INV01233,14/4/2023 0:00,2577.58
PAY000072,INV00061,14/4/2023 0:00,11728.93
PAY000073,INV00693,15/4/2023 0:00,8331.21
PAY000074,INV00693,18/4/2023 0:00,8331.2
PAY000075,INV00068,20/4/2023 0:00,5584.75
PAY000076,INV01164,20/4/2023 0:00,1709.47
PAY000077,INV00001,21/4/2023 0:00,5270.66
PAY000078,INV01361,21/4/2023 0:00,12028.99
PAY000079,INV01170,21/4/2023 0:00,3209.79
PAY000080,INV01322,23/4/2023 0:00,3199.84
PAY000081,INV01211,25/4/2023 0:00,10583.22
PAY000082,INV01467,25/4/2023 0:00,4581.74
PAY000083,INV00148,25/4/2023 0:00,6895.69
PAY000084,INV00119,26/4/2023 0:00,8301
PAY000085,INV00982,27/4/2023 0:00,2776.4
PAY000086,INV01257,27/4/2023 0:00,1012.82
PAY000087,INV01360,27/4/2023 0:00,8882.25
PAY000088,INV00957,28/4/2023 0:00,10887.76
PAY000089,INV00165,29/4/2023 0:00,8358.44
PAY000090,INV00421,29/4/2023 0:00,9467.74
PAY000091,INV00692,29/4/2023 0:00,4370
PAY000092,INV00803,30/4/2023 0:00,3259.21
PAY000093,INV00968,30/4/2023 0:00,2650.81
PAY000094,INV00876,30/4/2023 0:00,5608
PAY000095,INV00199,30/4/2023 0:00,9436
PAY000096,INV00311,30/4/2023 0:00,1204
PAY000097,INV00622,2/5/2023 0:00,4597.78
PAY000098,INV01483,2/5/2023 0:00,8391.02
PAY000099,INV00634,2/5/2023 0:00,1511
PAY000100,INV01457,3/5/2023 0:00,4572.27
PAY000101,INV01461,3/5/2023 0:00,14328.21
PAY000102,INV00688,3/5/2023 0:00,2000
PAY000103,INV01366,3/5/2023 0:00,2488
PAY000104,INV00777,3/5/2023 0:00,3446
PAY000105,INV01003,4/5/2023 0:00,10600
PAY000106,INV00124,5/5/2023 0:00,928.16
PAY000107,INV00229,6/5/2023 0:00,2910.28
PAY000108,INV00749,6/5/2023 0:00,14725.81
PAY000109,INV00878,6/5/2023 0:00,18406.32
PAY000110,INV00884,6/5/2023 0:00,980.31
PAY000111,INV00993,6/5/2023 0:00,6161.48
PAY000112,INV00503,7/5/2023 0:00,4305.51
PAY000113,INV00563,7/5/2023 0:00,3392
PAY000114,INV00360,8/5/2023 0:00,4938.99
PAY000115,INV01427,10/5/2023 0:00,3820
PAY000116,INV00044,11/5/2023 0:00,1315.96
PAY000117,INV00403,13/5/2023 0:00,2211
PAY000118,INV00113,15/5/2023 0:00,6411.05
PAY000119,INV00162,17/5/2023 0:00,1598.4
PAY000120,INV00352,19/5/2023 0:00,1753.81
PAY000121,INV00669,19/5/2023 0:00,17053.74
PAY000122,INV00469,19/5/2023 0:00,12888
PAY000123,INV00893,20/5/2023 0:00,4262.17
PAY000124,INV00579,22/5/2023 0:00,2547.27
PAY000125,INV00492,24/5/2023 0:00,6699.15
PAY000126,INV00580,25/5/2023 0:00,250.38
PAY000127,INV00681,25/5/2023 0:00,3016
PAY000128,INV00602,25/5/2023 0:00,11238
PAY000129,INV00197,26/5/2023 0:00,2263.97
PAY000130,INV00197,28/5/2023 0:00,2263.97
PAY000131,INV00877,29/5/2023 0:00,4343.86
PAY000132,INV00527,30/5/2023 0:00,3417.74
PAY000133,INV00150,31/5/2023 0:00,5236.75
PAY000134,INV01309,31/5/2023 0:00,1375.04
PAY000135,INV01392,31/5/2023 0:00,4543
PAY000136,INV00466,2/6/2023 0:00,19948.54
PAY000137,INV00959,4/6/2023 0:00,3542.77
PAY000138,INV00829,5/6/2023 0:00,1760.22
PAY000139,INV01164,6/6/2023 0:00,1709.48
PAY000140,INV01106,6/6/2023 0:00,6306
PAY000141,INV00662,7/6/2023 0:00,11413.9
PAY000142,INV00710,8/6/2023 0:00,4622.99
PAY000143,INV01441,8/6/2023 0:00,13616.02
PAY000144,INV00011,9/6/2023 0:00,4677.2
PAY000145,INV01263,9/6/2023 0:00,13467
PAY000146,INV01453,9/6/2023 0:00,12358
PAY000147,INV00294,10/6/2023 0:00,9194.99
PAY000148,INV00622,10/6/2023 0:00,4597.78
PAY000149,INV00002,10/6/2023 0:00,6797
PAY000150,INV01328,12/6/2023 0:00,11407.62
PAY000151,INV00972,12/6/2023 0:00,7440.47
PAY000152,INV00435,13/6/2023 0:00,2336.58
PAY000153,INV01302,15/6/2023 0:00,3159.17
PAY000154,INV00149,15/6/2023 0:00,8912.97
PAY000155,INV00281,16/6/2023 0:00,15376
PAY000156,INV00011,17/6/2023 0:00,4677.19
PAY000157,INV01387,17/6/2023 0:00,2837
PAY000158,INV01255,18/6/2023 0:00,17435.54
PAY000159,INV00503,19/6/2023 0:00,4305.51
PAY000160,INV01114,19/6/2023 0:00,10131.48
PAY000161,INV01283,21/6/2023 0:00,7938.94
PAY000162,INV00180,22/6/2023 0:00,22774.79
PAY000163,INV00203,23/6/2023 0:00,4159.3
PAY000164,INV00229,23/6/2023 0:00,2910.29
PAY000165,INV00556,23/6/2023 0:00,2327
PAY000166,INV00516,25/6/2023 0:00,3836.73
PAY000167,INV01139,25/6/2023 0:00,1345.59
PAY000168,INV00548,25/6/2023 0:00,16337
PAY000169,INV01493,25/6/2023 0:00,14494
PAY000170,INV00212,26/6/2023 0:00,20750.5
PAY000171,INV00182,27/6/2023 0:00,17430.87
PAY000172,INV00162,28/6/2023 0:00,1598.4
PAY000173,INV00407,28/6/2023 0:00,652.14
PAY000174,INV01147,28/6/2023 0:00,2790.98
PAY000175,INV00728,28/6/2023 0:00,7730
PAY000176,INV00307,29/6/2023 0:00,14147.49
PAY000177,INV00667,29/6/2023 0:00,10315
PAY000178,INV00724,30/6/2023 0:00,5819.98
PAY000179,INV00946,30/6/2023 0:00,5616.52
PAY000180,INV01351,30/6/2023 0:00,3238
PAY000181,INV00269,1/7/2023 0:00,13523.52
PAY000182,INV00552,2/7/2023 0:00,16917.35
PAY000183,INV01412,2/7/2023 0:00,6096
PAY000184,INV01469,2/7/2023 0:00,17748
PAY000185,INV00144,5/7/2023 0:00,4070.52
PAY000186,INV00935,5/7/2023 0:00,4624.47
PAY000187,INV01353,5/7/2023 0:00,214.42
PAY000188,INV00152,6/7/2023 0:00,1262.62
PAY000189,INV00946,6/7/2023 0:00,5616.52
PAY000190,INV00416,7/7/2023 0:00,5763.22
PAY000191,INV01139,7/7/2023 0:00,1345.6
PAY000192,INV00883,7/7/2023 0:00,5157
PAY000193,INV00848,8/7/2023 0:00,2419.26
PAY000194,INV01350,8/7/2023 0:00,2322.4
PAY000195,INV00539,8/7/2023 0:00,6148
PAY000196,INV00870,8/7/2023 0:00,15905
PAY000197,INV00744,8/7/2023 0:00,4840.26
PAY000198,INV01142,9/7/2023 0:00,4731.7
PAY000199,INV01364,9/7/2023 0:00,4557.71
PAY000200,INV00262,9/7/2023 0:00,9922.97
PAY000201,INV00789,10/7/2023 0:00,489.97
PAY000202,INV01350,11/7/2023 0:00,2322.41
PAY000203,INV00300,11/7/2023 0:00,4953.58
PAY000204,INV00611,13/7/2023 0:00,17213.7
PAY000205,INV00689,13/7/2023 0:00,2490.81
PAY000206,INV01102,14/7/2023 0:00,1629.24
PAY000207,INV00113,16/7/2023 0:00,6411.05
PAY000208,INV01381,16/7/2023 0:00,2586.49
PAY000209,INV00879,16/7/2023 0:00,10790.27
PAY000210,INV00562,16/7/2023 0:00,14039
PAY000211,INV01228,16/7/2023 0:00,6693
PAY000212,INV00697,16/7/2023 0:00,8717
PAY000213,INV00621,17/7/2023 0:00,6374.5
PAY000214,INV00435,18/7/2023 0:00,2336.58
PAY000215,INV00615,18/7/2023 0:00,910.99
PAY000216,INV01206,18/7/2023 0:00,1005.2
PAY000217,INV01471,18/7/2023 0:00,2602.29
PAY000218,INV00642,19/7/2023 0:00,6226.65
PAY000219,INV00926,20/7/2023 0:00,1411.11
PAY000220,INV00935,20/7/2023 0:00,4624.48
PAY000221,INV00246,21/7/2023 0:00,20677.03
PAY000222,INV00733,21/7/2023 0:00,5199.19
PAY000223,INV01283,21/7/2023 0:00,7938.95
PAY000224,INV01352,21/7/2023 0:00,15330
PAY000225,INV00846,23/7/2023 0:00,272.03
PAY000226,INV00907,23/7/2023 0:00,3761.91
PAY000227,INV00756,23/7/2023 0:00,930
PAY000228,INV00480,24/7/2023 0:00,4345.66
PAY000229,INV00481,24/7/2023 0:00,10335.1
PAY000230,INV00820,24/7/2023 0:00,6880.56
PAY000231,INV00127,25/7/2023 0:00,5840.88
PAY000232,INV01250,25/7/2023 0:00,1894.93
PAY000233,INV00135,26/7/2023 0:00,9303.57
PAY000234,INV00790,26/7/2023 0:00,7653.4
PAY000235,INV01214,26/7/2023 0:00,2433.31
PAY000236,INV00751,27/7/2023 0:00,12727.6
PAY000237,INV01267,27/7/2023 0:00,368.84
PAY000238,INV01492,28/7/2023 0:00,4266.58
PAY000239,INV00932,30/7/2023 0:00,164.59
PAY000240,INV00936,30/7/2023 0:00,1086.68
PAY000241,INV01432,1/8/2023 0:00,874
PAY000242,INV01353,2/8/2023 0:00,214.42
PAY000243,INV00861,2/8/2023 0:00,9030
PAY000244,INV01475,3/8/2023 0:00,6249.88
PAY000245,INV01250,4/8/2023 0:00,1894.93
PAY000246,INV01287,4/8/2023 0:00,11491.18
PAY000247,INV01122,5/8/2023 0:00,13253.32
PAY000248,INV00271,5/8/2023 0:00,12152.11
PAY000249,INV01488,6/8/2023 0:00,9001.56
PAY000250,INV01435,7/8/2023 0:00,14648.67
PAY000251,INV00222,7/8/2023 0:00,1845
PAY000252,INV00314,8/8/2023 0:00,11695.22
PAY000253,INV00961,8/8/2023 0:00,2455.5
PAY000254,INV01060,8/8/2023 0:00,6109.18
PAY000255,INV01401,8/8/2023 0:00,3340.93
PAY000256,INV00398,9/8/2023 0:00,2560.82
PAY000257,INV01078,9/8/2023 0:00,4637.03
PAY000258,INV00123,10/8/2023 0:00,8954.55
PAY000259,INV00862,11/8/2023 0:00,23099.64
PAY000260,INV00964,12/8/2023 0:00,12832
PAY000261,INV01287,13/8/2023 0:00,11491.18
PAY000262,INV00095,13/8/2023 0:00,11010
PAY000263,INV00481,14/8/2023 0:00,10335.09
PAY000264,INV01481,14/8/2023 0:00,1262.89
PAY000265,INV00345,15/8/2023 0:00,4586.27
PAY000266,INV00741,17/8/2023 0:00,3546.47
PAY000267,INV00831,17/8/2023 0:00,1116
PAY000268,INV00764,18/8/2023 0:00,918.42
PAY000269,INV01345,18/8/2023 0:00,2133.01
PAY000270,INV00916,19/8/2023 0:00,4596.69
PAY000271,INV01062,19/8/2023 0:00,13544
PAY000272,INV01395,20/8/2023 0:00,12099.07
PAY000273,INV00926,21/8/2023 0:00,1411.11
PAY000274,INV00088,21/8/2023 0:00,1790
PAY000275,INV01102,22/8/2023 0:00,1629.23
PAY000276,INV00846,23/8/2023 0:00,272.03
PAY000277,INV01401,25/8/2023 0:00,3340.93
PAY000278,INV00792,27/8/2023 0:00,3330.83
PAY000279,INV00167,27/8/2023 0:00,16868
PAY000280,INV00498,28/8/2023 0:00,10624.37
PAY000281,INV00615,28/8/2023 0:00,911
PAY000282,INV00722,28/8/2023 0:00,11373.23
PAY000283,INV01299,29/8/2023 0:00,2465.51
PAY000284,INV00498,30/8/2023 0:00,10624.37
PAY000285,INV00663,31/8/2023 0:00,253.22
PAY000286,INV01455,31/8/2023 0:00,6843.15
PAY000287,INV00663,2/9/2023 0:00,253.22
PAY000288,INV01328,2/9/2023 0:00,11407.62
PAY000289,INV00604,2/9/2023 0:00,16268
PAY000290,INV00603,3/9/2023 0:00,21903.65
PAY000291,INV01481,3/9/2023 0:00,1262.88
PAY000292,INV00907,4/9/2023 0:00,3761.91
PAY000293,INV00916,4/9/2023 0:00,4596.69
PAY000294,INV01207,4/9/2023 0:00,6408.55
PAY000295,INV00407,5/9/2023 0:00,652.14
PAY000296,INV00679,5/9/2023 0:00,2278
PAY000297,INV00979,6/9/2023 0:00,11676.22
PAY000298,INV01472,9/9/2023 0:00,4458
PAY000299,INV00071,10/9/2023 0:00,5983.84
PAY000300,INV00721,10/9/2023 0:00,14363.34
PAY000301,INV01129,11/9/2023 0:00,4968.26
PAY000302,INV01111,11/9/2023 0:00,1789
PAY000303,INV01311,11/9/2023 0:00,589
PAY000304,INV00640,12/9/2023 0:00,14846.9
PAY000305,INV00989,12/9/2023 0:00,2267.98
PAY000306,INV00389,13/9/2023 0:00,14561.77
PAY000307,INV00636,13/9/2023 0:00,13763.67
PAY000308,INV01357,13/9/2023 0:00,8118
PAY000309,INV00725,13/9/2023 0:00,4015
PAY000310,INV00426,14/9/2023 0:00,10167.02
PAY000311,INV00141,15/9/2023 0:00,5391
PAY000312,INV00560,16/9/2023 0:00,2919.17
PAY000313,INV00808,16/9/2023 0:00,1611.19
PAY000314,INV01284,17/9/2023 0:00,5204.39
PAY000315,INV00650,18/9/2023 0:00,3883.53
PAY000316,INV00920,18/9/2023 0:00,4381.58
PAY000317,INV00773,19/9/2023 0:00,14906.01
PAY000318,INV01206,19/9/2023 0:00,1005.19
PAY000319,INV00295,20/9/2023 0:00,2655.68
PAY000320,INV01124,20/9/2023 0:00,18824
PAY000321,INV00932,21/9/2023 0:00,164.6
PAY000322,INV00046,22/9/2023 0:00,5301.36
PAY000323,INV00245,22/9/2023 0:00,2598
PAY000324,INV00283,24/9/2023 0:00,8356.78
PAY000325,INV00886,24/9/2023 0:00,982.42
PAY000326,INV00129,26/9/2023 0:00,15480.86
PAY000327,INV00851,26/9/2023 0:00,4457
PAY000328,INV00438,28/9/2023 0:00,472.17
PAY000329,INV00146,29/9/2023 0:00,1825.52
PAY000330,INV00961,29/9/2023 0:00,2455.5
PAY000331,INV00813,30/9/2023 0:00,5502.96
PAY000332,INV01217,30/9/2023 0:00,12577.45
PAY000333,INV00872,2/10/2023 0:00,10283.65
PAY000334,INV01015,2/10/2023 0:00,3803.29
PAY000335,INV01019,2/10/2023 0:00,3647.24
PAY000336,INV01066,2/10/2023 0:00,16726.69
PAY000337,INV01105,2/10/2023 0:00,414.08
PAY000338,INV01079,3/10/2023 0:00,907.02
PAY000339,INV01471,3/10/2023 0:00,2602.28
PAY000340,INV00637,4/10/2023 0:00,1303.9
PAY000341,INV01105,4/10/2023 0:00,414.08
PAY000342,INV01404,4/10/2023 0:00,11444.8
PAY000343,INV01101,4/10/2023 0:00,1109
PAY000344,INV00295,6/10/2023 0:00,2655.68
PAY000345,INV01025,6/10/2023 0:00,5495
PAY000346,INV00293,7/10/2023 0:00,1546.96
PAY000347,INV01403,7/10/2023 0:00,5008.68
PAY000348,INV00139,10/10/2023 0:00,375.98
PAY000349,INV00828,10/10/2023 0:00,1805.07
PAY000350,INV01303,10/10/2023 0:00,908
PAY000351,INV01116,13/10/2023 0:00,762.52
PAY000352,INV01034,13/10/2023 0:00,17523
PAY000353,INV00799,14/10/2023 0:00,2146
PAY000354,INV00984,15/10/2023 0:00,3583.12
PAY000355,INV01195,15/10/2023 0:00,21509.5
PAY000356,INV00992,16/10/2023 0:00,852.96
PAY000357,INV01473,17/10/2023 0:00,1971.6
PAY000358,INV01015,18/10/2023 0:00,3803.29
PAY000359,INV01245,18/10/2023 0:00,17081.59
PAY000360,INV01454,18/10/2023 0:00,6712.96
PAY000361,INV00159,19/10/2023 0:00,2093.28
PAY000362,INV00537,19/10/2023 0:00,2789.3
PAY000363,INV00672,19/10/2023 0:00,11627.5
PAY000364,INV00456,19/10/2023 0:00,4329.77
PAY000365,INV00824,20/10/2023 0:00,14320
PAY000366,INV00037,21/10/2023 0:00,17410.9
PAY000367,INV00896,21/10/2023 0:00,4389.05
PAY000368,INV01057,21/10/2023 0:00,8704
PAY000369,INV01297,22/10/2023 0:00,7556.72
PAY000370,INV00567,22/10/2023 0:00,13746
PAY000371,INV00671,23/10/2023 0:00,19028.22
PAY000372,INV00768,23/10/2023 0:00,2900.08
PAY000373,INV00989,24/10/2023 0:00,2267.98
PAY000374,INV01459,24/10/2023 0:00,1979.5
PAY000375,INV00588,25/10/2023 0:00,7180.38
PAY000376,INV00924,25/10/2023 0:00,3861.91
PAY000377,INV01006,25/10/2023 0:00,1409.35
PAY000378,INV01039,25/10/2023 0:00,8811.4
PAY000379,INV01347,25/10/2023 0:00,14336.76
PAY000380,INV01473,25/10/2023 0:00,1971.6
PAY000381,INV01138,25/10/2023 0:00,16394.3
PAY000382,INV00924,26/10/2023 0:00,3861.91
PAY000383,INV00509,26/10/2023 0:00,16934
PAY000384,INV01214,27/10/2023 0:00,2433.31
PAY000385,INV01391,27/10/2023 0:00,3825.91
PAY000386,INV00558,27/10/2023 0:00,527.25
PAY000387,INV01068,28/10/2023 0:00,10196.34
PAY000388,INV01446,28/10/2023 0:00,6292.99
PAY000389,INV01006,29/10/2023 0:00,1409.35
PAY000390,INV01089,29/10/2023 0:00,13022.28
PAY000391,INV01168,30/10/2023 0:00,15722.6
PAY000392,INV00258,31/10/2023 0:00,2960.18
PAY000393,INV00537,31/10/2023 0:00,2789.3
PAY000394,INV01296,31/10/2023 0:00,4138.42
PAY000395,INV00808,2/11/2023 0:00,1611.2
PAY000396,INV00920,2/11/2023 0:00,4381.59
PAY000397,INV01160,3/11/2023 0:00,2156.32
PAY000398,INV00739,3/11/2023 0:00,511
PAY000399,INV00120,4/11/2023 0:00,10017.02
PAY000400,INV00776,4/11/2023 0:00,10567.37
PAY000401,INV00606,6/11/2023 0:00,3035
PAY000402,INV01454,8/11/2023 0:00,6712.95
PAY000403,INV00629,8/11/2023 0:00,2619
PAY000404,INV01097,8/11/2023 0:00,16939.82
PAY000405,INV00698,9/11/2023 0:00,23542.35
PAY000406,INV01344,9/11/2023 0:00,5738.5
PAY000407,INV00954,11/11/2023 0:00,11027
PAY000408,INV00237,12/11/2023 0:00,866.78
PAY000409,INV01305,12/11/2023 0:00,11417.37
PAY000410,INV00541,14/11/2023 0:00,1100.08
PAY000411,INV01380,14/11/2023 0:00,877.97
PAY000412,INV01068,16/11/2023 0:00,10196.34
PAY000413,INV00291,17/11/2023 0:00,4824.86
PAY000414,INV00722,17/11/2023 0:00,11373.22
PAY000415,INV00763,17/11/2023 0:00,7374.99
PAY000416,INV00495,18/11/2023 0:00,1792.95
PAY000417,INV00255,18/11/2023 0:00,10382
PAY000418,INV00105,19/11/2023 0:00,4750.65
PAY000419,INV01070,19/11/2023 0:00,2041.63
PAY000420,INV01222,19/11/2023 0:00,5785
PAY000421,INV01203,20/11/2023 0:00,4382.3
PAY000422,INV00163,22/11/2023 0:00,3271.57
PAY000423,INV00541,22/11/2023 0:00,1100.08
PAY000424,INV01295,22/11/2023 0:00,2305.24
PAY000425,INV01135,22/11/2023 0:00,15893
PAY000426,INV00139,23/11/2023 0:00,375.99
PAY000427,INV01299,23/11/2023 0:00,2465.51
PAY000428,INV00302,25/11/2023 0:00,15576.68
PAY000429,INV00765,25/11/2023 0:00,15186.8
PAY000430,INV01046,26/11/2023 0:00,10974.73
PAY000431,INV00220,27/11/2023 0:00,2147.24
PAY000432,INV00033,29/11/2023 0:00,5858.39
PAY000433,INV00780,30/11/2023 0:00,15164.79
PAY000434,INV00079,30/11/2023 0:00,14542
PAY000435,INV01012,30/11/2023 0:00,6999
PAY000436,INV00463,1/12/2023 0:00,4326.94
PAY000437,INV00951,2/12/2023 0:00,11160.56
PAY000438,INV00649,4/12/2023 0:00,8040.39
PAY000439,INV00349,4/12/2023 0:00,12677
PAY000440,INV01167,6/12/2023 0:00,9683.21
PAY000441,INV00218,7/12/2023 0:00,9196.47
PAY000442,INV01145,7/12/2023 0:00,15103.23
PAY000443,INV00917,8/12/2023 0:00,9807.6
PAY000444,INV00265,8/12/2023 0:00,15074
PAY000445,INV00951,9/12/2023 0:00,11160.57
PAY000446,INV00253,9/12/2023 0:00,5621.95
PAY000447,INV00351,10/12/2023 0:00,9845.4
PAY000448,INV00409,10/12/2023 0:00,20892.91
PAY000449,INV00835,10/12/2023 0:00,2968.75
PAY000450,INV00699,11/12/2023 0:00,8197.38
PAY000451,INV01459,11/12/2023 0:00,1979.5
PAY000452,INV01087,11/12/2023 0:00,5135.3
PAY000453,INV00835,12/12/2023 0:00,2968.76
PAY000454,INV01059,12/12/2023 0:00,859.71
PAY000455,INV01220,12/12/2023 0:00,2982.29
PAY000456,INV00367,13/12/2023 0:00,1871
PAY000457,INV01083,13/12/2023 0:00,8822
PAY000458,INV00312,13/12/2023 0:00,650
PAY000459,INV00760,15/12/2023 0:00,934.6
PAY000460,INV01094,16/12/2023 0:00,4470.01
PAY000461,INV00315,17/12/2023 0:00,5738.08
PAY000462,INV01452,17/12/2023 0:00,12794
PAY000463,INV00759,19/12/2023 0:00,3684.1
PAY000464,INV00155,20/12/2023 0:00,503.58
PAY000465,INV01220,20/12/2023 0:00,2982.3
PAY000466,INV01380,20/12/2023 0:00,877.98
PAY000467,INV00251,21/12/2023 0:00,5060
PAY000468,INV01085,21/12/2023 0:00,15744.62
PAY000469,INV00185,21/12/2023 0:00,5023.5
PAY000470,INV00030,22/12/2023 0:00,3621.62
PAY000471,INV01046,23/12/2023 0:00,10974.74
PAY000472,INV00188,25/12/2023 0:00,10429.13
PAY000473,INV00515,26/12/2023 0:00,927.22
PAY000474,INV00592,26/12/2023 0:00,4904.74
PAY000475,INV00595,26/12/2023 0:00,4790.5
PAY000476,INV01391,28/12/2023 0:00,3825.91
PAY000477,INV00639,29/12/2023 0:00,3084.34
PAY000478,INV01035,30/12/2023 0:00,5307.51
PAY000479,INV01489,31/12/2023 0:00,15229
PAY000480,INV00411,1/1/2024 0:00,1498.95
PAY000481,INV00940,1/1/2024 0:00,6027.7
PAY000482,INV01437,2/1/2024 0:00,4954.53
PAY000483,INV00937,3/1/2024 0:00,7414.14
PAY000484,INV01279,3/1/2024 0:00,4589
PAY000485,INV00192,5/1/2024 0:00,7554.66
PAY000486,INV00487,5/1/2024 0:00,15496
PAY000487,INV01161,6/1/2024 0:00,9119.36
PAY000488,INV01215,7/1/2024 0:00,21959.67
PAY000489,INV00270,10/1/2024 0:00,1300.15
PAY000490,INV01316,10/1/2024 0:00,6470.56
PAY000491,INV00218,11/1/2024 0:00,9196.47
PAY000492,INV00361,11/1/2024 0:00,7878.73
PAY000493,INV01061,11/1/2024 0:00,10079.35
PAY000494,INV01179,12/1/2024 0:00,2215.12
PAY000495,INV01193,12/1/2024 0:00,13690.68
PAY000496,INV00319,12/1/2024 0:00,15357
PAY000497,INV01208,13/1/2024 0:00,659
PAY000498,INV00030,14/1/2024 0:00,3621.63
PAY000499,INV00155,14/1/2024 0:00,503.58
PAY000500,INV00187,14/1/2024 0:00,2758.49
PAY000501,INV00274,14/1/2024 0:00,8291.02
PAY000502,INV00715,14/1/2024 0:00,13912
PAY000503,INV00514,16/1/2024 0:00,1968.61
PAY000504,INV00708,16/1/2024 0:00,10097.69
PAY000505,INV00491,17/1/2024 0:00,17790
PAY000506,INV00278,19/1/2024 0:00,1088.52
PAY000507,INV00759,19/1/2024 0:00,3684.1
PAY000508,INV01368,19/1/2024 0:00,5097.31
PAY000509,INV01242,19/1/2024 0:00,13038.62
PAY000510,INV00510,20/1/2024 0:00,1554.16
PAY000511,INV01159,20/1/2024 0:00,1724.46
PAY000512,INV00234,21/1/2024 0:00,12129.12
PAY000513,INV00012,21/1/2024 0:00,12340
PAY000514,INV01333,22/1/2024 0:00,8110
PAY000515,INV00530,22/1/2024 0:00,5128
PAY000516,INV00050,23/1/2024 0:00,5902.35
PAY000517,INV00382,23/1/2024 0:00,954.69
PAY000518,INV00397,23/1/2024 0:00,14914.63
PAY000519,INV00536,23/1/2024 0:00,867.6
PAY000520,INV00468,24/1/2024 0:00,3664.07
PAY000521,INV00565,24/1/2024 0:00,9177.53
PAY000522,INV00798,24/1/2024 0:00,2509.62
PAY000523,INV00010,25/1/2024 0:00,2750
PAY000524,INV00404,30/1/2024 0:00,5663.49
PAY000525,INV01495,30/1/2024 0:00,6065.92
PAY000526,INV00054,1/2/2024 0:00,3474.78
PAY000527,INV00897,1/2/2024 0:00,23757.19
PAY000528,INV01368,1/2/2024 0:00,5097.32
PAY000529,INV01378,1/2/2024 0:00,5300.87
PAY000530,INV01372,2/2/2024 0:00,508
PAY000531,INV00305,3/2/2024 0:00,2310.5
PAY000532,INV00461,3/2/2024 0:00,1245.06
PAY000533,INV00540,3/2/2024 0:00,6378.41
PAY000534,INV00200,3/2/2024 0:00,10430
PAY000535,INV00116,4/2/2024 0:00,1248.67
PAY000536,INV00839,5/2/2024 0:00,297.57
PAY000537,INV01049,5/2/2024 0:00,3202
PAY000538,INV00351,6/2/2024 0:00,9845.4
PAY000539,INV01294,6/2/2024 0:00,4018.33
PAY000540,INV00665,7/2/2024 0:00,473.4
PAY000541,INV00810,7/2/2024 0:00,560.83
PAY000542,INV00067,8/2/2024 0:00,1910.2
PAY000543,INV00241,8/2/2024 0:00,6049.78
PAY000544,INV00372,8/2/2024 0:00,10131.05
PAY000545,INV01382,8/2/2024 0:00,7655
PAY000546,INV00734,10/2/2024 0:00,2464.58
PAY000547,INV00791,11/2/2024 0:00,11607
PAY000548,INV00723,12/2/2024 0:00,2552.41
PAY000549,INV00976,13/2/2024 0:00,8204.89
PAY000550,INV01244,13/2/2024 0:00,11701.25
PAY000551,INV01244,14/2/2024 0:00,11701.24
PAY000552,INV00237,15/2/2024 0:00,866.78
PAY000553,INV01192,15/2/2024 0:00,6590.82
PAY000554,INV00097,15/2/2024 0:00,1111.81
PAY000555,INV01370,15/2/2024 0:00,11125.51
PAY000556,INV00014,16/2/2024 0:00,4270.85
PAY000557,INV00047,16/2/2024 0:00,15000.15
PAY000558,INV00940,16/2/2024 0:00,6027.71
PAY000559,INV00121,17/2/2024 0:00,14620.11
PAY000560,INV00810,17/2/2024 0:00,560.83
PAY000561,INV00022,19/2/2024 0:00,7952
PAY000562,INV00536,20/2/2024 0:00,867.61
PAY000563,INV01120,20/2/2024 0:00,4625.6
PAY000564,INV00713,20/2/2024 0:00,11802
PAY000565,INV00325,21/2/2024 0:00,4087.69
PAY000566,INV00383,22/2/2024 0:00,2314.18
PAY000567,INV01342,23/2/2024 0:00,661.09
PAY000568,INV00529,24/2/2024 0:00,9507
PAY000569,INV00188,25/2/2024 0:00,10429.12
PAY000570,INV01202,25/2/2024 0:00,10281.15
PAY000571,INV01240,26/2/2024 0:00,10710.8
PAY000572,INV00096,26/2/2024 0:00,4436.65
PAY000573,INV00712,27/2/2024 0:00,1934.85
PAY000574,INV00694,28/2/2024 0:00,8497.36
PAY000575,INV00627,1/3/2024 0:00,11354.33
PAY000576,INV00497,2/3/2024 0:00,17009.05
PAY000577,INV00723,2/3/2024 0:00,2552.42
PAY000578,INV00164,3/3/2024 0:00,1518
PAY000579,INV00374,4/3/2024 0:00,906.52
PAY000580,INV00206,5/3/2024 0:00,13654
PAY000581,INV00700,6/3/2024 0:00,17915.15
PAY000582,INV00607,7/3/2024 0:00,3191.27
PAY000583,INV00387,8/3/2024 0:00,870.13
PAY000584,INV00394,9/3/2024 0:00,9895.3
PAY000585,INV00660,9/3/2024 0:00,3533.34
PAY000586,INV01342,10/3/2024 0:00,661.09
PAY000587,INV00379,10/3/2024 0:00,1080.84
PAY000588,INV01029,12/3/2024 0:00,670.81
PAY000589,INV01323,12/3/2024 0:00,9976.78
PAY000590,INV00731,12/3/2024 0:00,6272
PAY000591,INV00990,13/3/2024 0:00,7536.92
PAY000592,INV00387,14/3/2024 0:00,870.12
PAY000593,INV00513,14/3/2024 0:00,732.31
PAY000594,INV00017,16/3/2024 0:00,1793.52
PAY000595,INV00943,16/3/2024 0:00,3497.01
PAY000596,INV00041,17/3/2024 0:00,2419.11
PAY000597,INV01010,18/3/2024 0:00,3966.47
PAY000598,INV00485,18/3/2024 0:00,14585
PAY000599,INV00067,19/3/2024 0:00,1910.2
PAY000600,INV00215,19/3/2024 0:00,14633.01
PAY000601,INV00787,19/3/2024 0:00,13599
PAY000602,INV00597,19/3/2024 0:00,8215.5
PAY000603,INV01329,21/3/2024 0:00,324.08
PAY000604,INV01421,21/3/2024 0:00,1108.77
PAY000605,INV00871,21/3/2024 0:00,6004.11
PAY000606,INV00568,21/3/2024 0:00,14117
PAY000607,INV00614,23/3/2024 0:00,11995.28
PAY000608,INV00447,23/3/2024 0:00,7783.54
PAY000609,INV00839,24/3/2024 0:00,297.57
PAY000610,INV00130,25/3/2024 0:00,17123.25
PAY000611,INV00616,25/3/2024 0:00,14673.07
PAY000612,INV01136,25/3/2024 0:00,4321
PAY000613,INV01376,27/3/2024 0:00,4667.47
PAY000614,INV01484,27/3/2024 0:00,12471.4
PAY000615,INV00337,27/3/2024 0:00,14539.53
PAY000616,INV00236,28/3/2024 0:00,2253.55
PAY000617,INV00941,30/3/2024 0:00,2739.84
PAY000618,INV00973,30/3/2024 0:00,3865.37
PAY000619,INV00553,30/3/2024 0:00,726
PAY000620,INV00945,30/3/2024 0:00,3679
PAY000621,INV01154,31/3/2024 0:00,126.39
PAY000622,INV01224,31/3/2024 0:00,8349.83
PAY000623,INV00090,31/3/2024 0:00,12781.25
PAY000624,INV00423,1/4/2024 0:00,3141.78
PAY000625,INV00647,1/4/2024 0:00,4634
PAY000626,INV01269,1/4/2024 0:00,9742
PAY000627,INV00313,2/4/2024 0:00,11105.72
PAY000628,INV01378,2/4/2024 0:00,5300.87
PAY000629,INV01487,2/4/2024 0:00,5315.7
PAY000630,INV00100,3/4/2024 0:00,857.78
PAY000631,INV00242,3/4/2024 0:00,15542.27
PAY000632,INV01194,3/4/2024 0:00,12403.66
PAY000633,INV00986,4/4/2024 0:00,4284.28
PAY000634,INV01358,4/4/2024 0:00,11510.3
PAY000635,INV00479,4/4/2024 0:00,18589
PAY000636,INV00538,5/4/2024 0:00,1829.2
PAY000637,INV00026,5/4/2024 0:00,11681
PAY000638,INV00341,6/4/2024 0:00,492.22
PAY000639,INV01431,7/4/2024 0:00,2679.55
PAY000640,INV00383,8/4/2024 0:00,2314.18
PAY000641,INV00607,8/4/2024 0:00,3191.27
PAY000642,INV00585,9/4/2024 0:00,6868.67
PAY000643,INV01487,9/4/2024 0:00,5315.69
PAY000644,INV00875,9/4/2024 0:00,4931.85
PAY000645,INV01125,9/4/2024 0:00,11076
PAY000646,INV00666,10/4/2024 0:00,19279.92
PAY000647,INV01178,10/4/2024 0:00,19394
PAY000648,INV00298,11/4/2024 0:00,2217.65
PAY000649,INV01113,12/4/2024 0:00,16369
PAY000650,INV00628,13/4/2024 0:00,14025
PAY000651,INV01339,13/4/2024 0:00,19802
PAY000652,INV01420,14/4/2024 0:00,12603
PAY000653,INV01104,15/4/2024 0:00,5554.08
PAY000654,INV01298,15/4/2024 0:00,20452.41
PAY000655,INV00453,16/4/2024 0:00,8495.38
PAY000656,INV00534,16/4/2024 0:00,8381.85
PAY000657,INV00983,16/4/2024 0:00,5866.85
PAY000658,INV01316,16/4/2024 0:00,6470.56
PAY000659,INV01431,16/4/2024 0:00,2679.55
PAY000660,INV00914,16/4/2024 0:00,1551
PAY000661,INV01029,17/4/2024 0:00,670.81
PAY000662,INV01223,17/4/2024 0:00,7802.62
PAY000663,INV01261,17/4/2024 0:00,4078.9
PAY000664,INV01421,17/4/2024 0:00,1108.78
PAY000665,INV00170,18/4/2024 0:00,5131.62
PAY000666,INV00301,18/4/2024 0:00,542.74
PAY000667,INV00727,18/4/2024 0:00,11102.9
PAY000668,INV00584,20/4/2024 0:00,815.99
PAY000669,INV01490,20/4/2024 0:00,6248
PAY000670,INV00702,21/4/2024 0:00,9147.53
PAY000671,INV00859,21/4/2024 0:00,16771
PAY000672,INV01479,21/4/2024 0:00,5340.12
PAY000673,INV01389,23/4/2024 0:00,1601
PAY000674,INV01252,24/4/2024 0:00,2534.09
PAY000675,INV00513,26/4/2024 0:00,732.31
PAY000676,INV01259,26/4/2024 0:00,18274
PAY000677,INV00538,27/4/2024 0:00,1829.2
PAY000678,INV00827,27/4/2024 0:00,2331.12
PAY000679,INV00701,27/4/2024 0:00,4210.09
PAY000680,INV00114,28/4/2024 0:00,14361.65
PAY000681,INV00747,29/4/2024 0:00,10432.86
PAY000682,INV01274,29/4/2024 0:00,8725
PAY000683,INV00376,30/4/2024 0:00,7630
PAY000684,INV00665,30/4/2024 0:00,473.4
PAY000685,INV01032,30/4/2024 0:00,9570.69
PAY000686,INV00519,30/4/2024 0:00,10578
PAY000687,INV01308,1/5/2024 0:00,20687.94
PAY000688,INV00570,2/5/2024 0:00,1898.56
PAY000689,INV00706,2/5/2024 0:00,7887
PAY000690,INV00573,3/5/2024 0:00,5750.18
PAY000691,INV00983,4/5/2024 0:00,5866.85
PAY000692,INV00106,4/5/2024 0:00,9803.91
PAY000693,INV00526,5/5/2024 0:00,624.79
PAY000694,INV01236,6/5/2024 0:00,5977.12
PAY000695,INV00154,6/5/2024 0:00,15460
PAY000696,INV01277,7/5/2024 0:00,4801.53
PAY000697,INV00779,7/5/2024 0:00,2823
PAY000698,INV00717,8/5/2024 0:00,4482.14
PAY000699,INV00774,9/5/2024 0:00,9151.02
PAY000700,INV00008,10/5/2024 0:00,3141.98
PAY000701,INV00301,10/5/2024 0:00,542.74
PAY000702,INV01010,10/5/2024 0:00,3966.48
PAY000703,INV01306,10/5/2024 0:00,17553.96
PAY000704,INV00500,10/5/2024 0:00,17073.85
PAY000705,INV00198,10/5/2024 0:00,3356.29
PAY000706,INV00827,11/5/2024 0:00,2331.11
PAY000707,INV01294,11/5/2024 0:00,4018.33
PAY000708,INV00494,11/5/2024 0:00,3019.64
PAY000709,INV00600,11/5/2024 0:00,1786
PAY000710,INV00852,14/5/2024 0:00,9176.04
PAY000711,INV01154,15/5/2024 0:00,126.39
PAY000712,INV01158,15/5/2024 0:00,1152.86
PAY000713,INV00390,15/5/2024 0:00,10125.93
PAY000714,INV00775,16/5/2024 0:00,19403
PAY000715,INV00055,17/5/2024 0:00,258
PAY000716,INV01072,17/5/2024 0:00,3726.33
PAY000717,INV01104,17/5/2024 0:00,5554.08
PAY000718,INV01406,17/5/2024 0:00,5546.51
PAY000719,INV00717,18/5/2024 0:00,4482.14
PAY000720,INV01187,18/5/2024 0:00,11787.97
PAY000721,INV00866,18/5/2024 0:00,12293
PAY000722,INV00624,18/5/2024 0:00,5072.68
PAY000723,INV01405,19/5/2024 0:00,1762.26
PAY000724,INV00410,20/5/2024 0:00,1856
PAY000725,INV01118,20/5/2024 0:00,16736
PAY000726,INV01320,21/5/2024 0:00,233.21
PAY000727,INV00087,22/5/2024 0:00,3892.66
PAY000728,INV00960,23/5/2024 0:00,1341.7
PAY000729,INV00591,26/5/2024 0:00,6973.69
PAY000730,INV01076,27/5/2024 0:00,835.21
PAY000731,INV01099,27/5/2024 0:00,9393.08
PAY000732,INV00041,28/5/2024 0:00,2419.11
PAY000733,INV00116,28/5/2024 0:00,1248.68
PAY000734,INV00020,28/5/2024 0:00,4799.54
PAY000735,INV01343,28/5/2024 0:00,4572.62
PAY000736,INV00112,29/5/2024 0:00,6304.87
PAY000737,INV00517,30/5/2024 0:00,21311.44
PAY000738,INV00973,30/5/2024 0:00,3865.37
PAY000739,INV00472,31/5/2024 0:00,15675.05
PAY000740,INV00794,31/5/2024 0:00,4207.45
PAY000741,INV00297,1/6/2024 0:00,12468.69
PAY000742,INV01076,1/6/2024 0:00,835.22
PAY000743,INV01291,1/6/2024 0:00,1005
PAY000744,INV00290,3/6/2024 0:00,4868
PAY000745,INV00458,4/6/2024 0:00,9331.63
PAY000746,INV01037,4/6/2024 0:00,4250
PAY000747,INV01277,5/6/2024 0:00,4801.54
PAY000748,INV01349,6/6/2024 0:00,23825.53
PAY000749,INV01448,6/6/2024 0:00,19146
PAY000750,INV01175,9/6/2024 0:00,4001
PAY000751,INV01017,10/6/2024 0:00,12717.65
PAY000752,INV01189,10/6/2024 0:00,4337
PAY000753,INV00335,11/6/2024 0:00,6547.67
PAY000754,INV00525,11/6/2024 0:00,208.8
PAY000755,INV00687,12/6/2024 0:00,1148.85
PAY000756,INV01131,12/6/2024 0:00,16747.08
PAY000757,INV00333,12/6/2024 0:00,745
PAY000758,INV01362,13/6/2024 0:00,5699.44
PAY000759,INV00233,14/6/2024 0:00,1715.48
PAY000760,INV00796,14/6/2024 0:00,10869
PAY000761,INV01320,16/6/2024 0:00,233.2
PAY000762,INV00420,18/6/2024 0:00,4254.44
PAY000763,INV00684,18/6/2024 0:00,4155.88
PAY000764,INV00063,19/6/2024 0:00,2797.52
PAY000765,INV00736,19/6/2024 0:00,15937.28
PAY000766,INV00793,20/6/2024 0:00,4541.95
PAY000767,INV00781,21/6/2024 0:00,10646.46
PAY000768,INV00944,21/6/2024 0:00,7860.34
PAY000769,INV01002,21/6/2024 0:00,4768
PAY000770,INV01276,21/6/2024 0:00,1979.69
PAY000771,INV01390,21/6/2024 0:00,2749.79
PAY000772,INV00652,21/6/2024 0:00,11394
PAY000773,INV00244,22/6/2024 0:00,3663
PAY000774,INV00264,22/6/2024 0:00,7930.5
PAY000775,INV00687,22/6/2024 0:00,1148.86
PAY000776,INV01205,22/6/2024 0:00,514.65
PAY000777,INV00643,23/6/2024 0:00,8062.74
PAY000778,INV01028,23/6/2024 0:00,7094.46
PAY000779,INV00703,24/6/2024 0:00,9413
PAY000780,INV00753,24/6/2024 0:00,14161
PAY000781,INV01018,24/6/2024 0:00,8220
PAY000782,INV01261,25/6/2024 0:00,4078.9
PAY000783,INV00276,25/6/2024 0:00,8443
PAY000784,INV00882,26/6/2024 0:00,5050.51
PAY000785,INV00284,27/6/2024 0:00,595.42
PAY000786,INV00638,27/6/2024 0:00,1897.16
PAY000787,INV01182,27/6/2024 0:00,12967.9
PAY000788,INV01384,28/6/2024 0:00,6886
PAY000789,INV00742,28/6/2024 0:00,5007
PAY000790,INV00619,29/6/2024 0:00,4304
PAY000791,INV00570,1/7/2024 0:00,1898.56
PAY000792,INV00704,1/7/2024 0:00,1844.07
PAY000793,INV01285,2/7/2024 0:00,2038.76
PAY000794,INV00620,3/7/2024 0:00,14755
PAY000795,INV00035,5/7/2024 0:00,2591.24
PAY000796,INV00363,6/7/2024 0:00,4013.4
PAY000797,INV00478,6/7/2024 0:00,5437.45
PAY000798,INV00933,6/7/2024 0:00,12657.86
PAY000799,INV00573,7/7/2024 0:00,5750.19
PAY000800,INV01442,7/7/2024 0:00,12049.06
PAY000801,INV00373,8/7/2024 0:00,2956.02
PAY000802,INV00542,9/7/2024 0:00,2701.98
PAY000803,INV00045,10/7/2024 0:00,3535.31
PAY000804,INV00103,10/7/2024 0:00,3850.96
PAY000805,INV00645,11/7/2024 0:00,1518.68
PAY000806,INV00523,12/7/2024 0:00,2158.32
PAY000807,INV01172,12/7/2024 0:00,9322.91
PAY000808,INV00107,13/7/2024 0:00,5033.85
PAY000809,INV00335,13/7/2024 0:00,6547.67
PAY000810,INV01112,13/7/2024 0:00,7807.68
PAY000811,INV01276,15/7/2024 0:00,1979.69
PAY000812,INV00035,16/7/2024 0:00,2591.24
PAY000813,INV00837,16/7/2024 0:00,9862.42
PAY000814,INV00208,16/7/2024 0:00,2387
PAY000815,INV00025,18/7/2024 0:00,3065.38
PAY000816,INV00160,19/7/2024 0:00,3027.24
PAY000817,INV00252,20/7/2024 0:00,8540.4
PAY000818,INV00107,21/7/2024 0:00,5033.86
PAY000819,INV00166,21/7/2024 0:00,9451.92
PAY000820,INV01024,21/7/2024 0:00,6115.45
PAY000821,INV01204,21/7/2024 0:00,5193.58
PAY000822,INV01409,21/7/2024 0:00,12221.72
PAY000823,INV00772,21/7/2024 0:00,17674
PAY000824,INV01197,21/7/2024 0:00,795
PAY000825,INV01397,22/7/2024 0:00,23949.8
PAY000826,INV00581,22/7/2024 0:00,17947.36
PAY000827,INV00025,23/7/2024 0:00,3065.37
PAY000828,INV00508,23/7/2024 0:00,755.46
PAY000829,INV00591,24/7/2024 0:00,6973.69
PAY000830,INV00310,26/7/2024 0:00,9210.71
PAY000831,INV00626,26/7/2024 0:00,1867.82
PAY000832,INV00842,26/7/2024 0:00,4056.14
PAY000833,INV00845,27/7/2024 0:00,10678.35
PAY000834,INV00838,27/7/2024 0:00,8625
PAY000835,INV00082,28/7/2024 0:00,3511.76
PAY000836,INV00863,28/7/2024 0:00,285.25
PAY000837,INV00231,29/7/2024 0:00,15419.36
PAY000838,INV01119,29/7/2024 0:00,4771.92
PAY000839,INV00240,30/7/2024 0:00,5859.63
PAY000840,INV00508,30/7/2024 0:00,755.46
PAY000841,INV00668,30/7/2024 0:00,2154.53
PAY000842,INV00224,30/7/2024 0:00,4066
PAY000843,INV01265,30/7/2024 0:00,9745.4
PAY000844,INV00709,31/7/2024 0:00,2242.59
PAY000845,INV00577,1/8/2024 0:00,9179.5
PAY000846,INV01020,1/8/2024 0:00,4175.28
PAY000847,INV00822,1/8/2024 0:00,1616.84
PAY000848,INV01301,2/8/2024 0:00,5318.86
PAY000849,INV00172,3/8/2024 0:00,931.17
PAY000850,INV00066,3/8/2024 0:00,1481.45
PAY000851,INV01398,4/8/2024 0:00,8223.05
PAY000852,INV00452,7/8/2024 0:00,5184.65
PAY000853,INV00441,8/8/2024 0:00,17580.51
PAY000854,INV01235,8/8/2024 0:00,300.94
PAY000855,INV00737,9/8/2024 0:00,10401
PAY000856,INV00882,11/8/2024 0:00,5050.52
PAY000857,INV00909,12/8/2024 0:00,2227.86
PAY000858,INV00962,12/8/2024 0:00,2784
PAY000859,INV01425,14/8/2024 0:00,428.11
PAY000860,INV00526,16/8/2024 0:00,624.79
PAY000861,INV00657,16/8/2024 0:00,11921.45
PAY000862,INV00949,17/8/2024 0:00,5402.7
PAY000863,INV00783,20/8/2024 0:00,3439.32
PAY000864,INV01128,21/8/2024 0:00,9159
PAY000865,INV00863,22/8/2024 0:00,285.25
PAY000866,INV01014,22/8/2024 0:00,6039.54
PAY000867,INV01425,23/8/2024 0:00,428.1
PAY000868,INV01196,24/8/2024 0:00,2885.49
PAY000869,INV00317,25/8/2024 0:00,3982.65
PAY000870,INV00414,25/8/2024 0:00,11647.38
PAY000871,INV01462,25/8/2024 0:00,887
PAY000872,INV01050,25/8/2024 0:00,5405
PAY000873,INV01081,25/8/2024 0:00,867
PAY000874,INV00816,27/8/2024 0:00,1693.02
PAY000875,INV00985,27/8/2024 0:00,2093.02
PAY000876,INV00985,27/8/2024 0:00,2093.02
PAY000877,INV01332,27/8/2024 0:00,4019.07
PAY000878,INV01494,27/8/2024 0:00,349.87
PAY000879,INV00266,28/8/2024 0:00,851.69
PAY000880,INV00425,28/8/2024 0:00,2173.21
PAY000881,INV01209,28/8/2024 0:00,2170.57
PAY000882,INV00003,29/8/2024 0:00,22293.22
PAY000883,INV00191,29/8/2024 0:00,3380.16
PAY000884,INV00921,29/8/2024 0:00,3600.27
PAY000885,INV00544,30/8/2024 0:00,4426.74
PAY000886,INV00811,30/8/2024 0:00,1819.97
PAY000887,INV01474,30/8/2024 0:00,14798
PAY000888,INV00475,30/8/2024 0:00,8591.97
PAY000889,INV00210,31/8/2024 0:00,1063.31
PAY000890,INV01434,1/9/2024 0:00,2659.29
PAY000891,INV00653,1/9/2024 0:00,14227
PAY000892,INV00266,2/9/2024 0:00,851.69
PAY000893,INV00395,2/9/2024 0:00,6005.7
PAY000894,INV00836,2/9/2024 0:00,1497.24
PAY000895,INV00172,3/9/2024 0:00,931.17
PAY000896,INV01172,3/9/2024 0:00,9322.91
PAY000897,INV01204,5/9/2024 0:00,5193.59
PAY000898,INV00980,6/9/2024 0:00,496.69
PAY000899,INV00039,7/9/2024 0:00,7247.94
PAY000900,INV00160,8/9/2024 0:00,3027.23
PAY000901,INV00259,8/9/2024 0:00,4952
PAY000902,INV00414,9/9/2024 0:00,11647.38
PAY000903,INV00805,9/9/2024 0:00,9878.21
PAY000904,INV00854,9/9/2024 0:00,7599.08
PAY000905,INV01212,9/9/2024 0:00,5728.76
PAY000906,INV01317,9/9/2024 0:00,1121.04
PAY000907,INV01400,10/9/2024 0:00,11249.95
PAY000908,INV00029,11/9/2024 0:00,990
PAY000909,INV00122,11/9/2024 0:00,6243.43
PAY000910,INV00092,12/9/2024 0:00,338.83
PAY000911,INV00462,12/9/2024 0:00,18613.69
PAY000912,INV00890,12/9/2024 0:00,13230.49
PAY000913,INV01218,12/9/2024 0:00,1073.6
PAY000914,INV00547,13/9/2024 0:00,1002.6
PAY000915,INV01115,14/9/2024 0:00,2933.79
PAY000916,INV00432,15/9/2024 0:00,533.82
PAY000917,INV01127,15/9/2024 0:00,3890.1
PAY000918,INV01464,17/9/2024 0:00,5631
PAY000919,INV00952,18/9/2024 0:00,2562
PAY000920,INV00809,18/9/2024 0:00,2020.01
PAY000921,INV00007,19/9/2024 0:00,4667.56
PAY000922,INV00039,19/9/2024 0:00,7247.94
PAY000923,INV00769,19/9/2024 0:00,2835.78
PAY000924,INV01325,19/9/2024 0:00,1026.38
PAY000925,INV00064,20/9/2024 0:00,1551.28
PAY000926,INV00654,20/9/2024 0:00,9195.22
PAY000927,INV00115,21/9/2024 0:00,11632.02
PAY000928,INV01348,21/9/2024 0:00,2200.3
PAY000929,INV01288,24/9/2024 0:00,11121.5
PAY000930,INV01348,24/9/2024 0:00,2200.29
PAY000931,INV00332,24/9/2024 0:00,559
PAY000932,INV00956,24/9/2024 0:00,4711
PAY000933,INV00432,25/9/2024 0:00,533.82
PAY000934,INV01417,25/9/2024 0:00,2301.95
PAY000935,INV00880,25/9/2024 0:00,14090
PAY000936,INV01275,25/9/2024 0:00,18171
PAY000937,INV00659,26/9/2024 0:00,17692.59
PAY000938,INV00704,26/9/2024 0:00,1844.07
PAY000939,INV00217,26/9/2024 0:00,3408.37
PAY000940,INV00439,27/9/2024 0:00,1349.48
PAY000941,INV00191,28/9/2024 0:00,3380.16
PAY000942,INV00995,30/9/2024 0:00,1694.17
PAY000943,INV00847,1/10/2024 0:00,8716.6
PAY000944,INV00544,2/10/2024 0:00,4426.75
PAY000945,INV00214,3/10/2024 0:00,1147.18
PAY000946,INV01218,3/10/2024 0:00,1073.6
PAY000947,INV01026,6/10/2024 0:00,6189.5
PAY000948,INV01307,7/10/2024 0:00,9381.3
PAY000949,INV01258,7/10/2024 0:00,11090
PAY000950,INV00210,8/10/2024 0:00,1063.31
PAY000951,INV01054,8/10/2024 0:00,12916.68
PAY000952,INV01243,8/10/2024 0:00,11024
PAY000953,INV00093,8/10/2024 0:00,10876
PAY000954,INV00013,9/10/2024 0:00,5981
PAY000955,INV00451,10/10/2024 0:00,8486.7
PAY000956,INV00947,10/10/2024 0:00,2654.6
PAY000957,INV01045,10/10/2024 0:00,10158.12
PAY000958,INV01428,10/10/2024 0:00,11350.61
PAY000959,INV00401,10/10/2024 0:00,1920
PAY000960,INV01201,10/10/2024 0:00,6251.48
PAY000961,INV00554,11/10/2024 0:00,17070.85
PAY000962,INV00975,11/10/2024 0:00,839.62
PAY000963,INV00980,12/10/2024 0:00,496.69
PAY000964,INV00655,13/10/2024 0:00,4723
PAY000965,INV01341,14/10/2024 0:00,13596.7
PAY000966,INV00143,15/10/2024 0:00,6189.42
PAY000967,INV00651,15/10/2024 0:00,8437.28
PAY000968,INV01022,16/10/2024 0:00,2037.16
PAY000969,INV00705,17/10/2024 0:00,5167.9
PAY000970,INV00977,17/10/2024 0:00,8443.74
PAY000971,INV00272,17/10/2024 0:00,10489.83
PAY000972,INV00609,18/10/2024 0:00,10366.24
PAY000973,INV00836,19/10/2024 0:00,1497.24
PAY000974,INV01293,19/10/2024 0:00,1023.21
PAY000975,INV00923,20/10/2024 0:00,5754
PAY000976,INV00317,21/10/2024 0:00,3982.65
PAY000977,INV00965,21/10/2024 0:00,8211.93
PAY000978,INV00766,22/10/2024 0:00,5652.22
PAY000979,INV01239,22/10/2024 0:00,1158.96
PAY000980,INV00977,23/10/2024 0:00,8443.74
PAY000981,INV01140,23/10/2024 0:00,11721.7
PAY000982,INV00651,24/10/2024 0:00,8437.28
PAY000983,INV01065,24/10/2024 0:00,2139.04
PAY000984,INV01332,24/10/2024 0:00,4019.07
PAY000985,INV00457,25/10/2024 0:00,4644.95
PAY000986,INV00978,25/10/2024 0:00,20067.07
PAY000987,INV01024,25/10/2024 0:00,6115.45
PAY000988,INV00328,26/10/2024 0:00,21194.31
PAY000989,INV00470,26/10/2024 0:00,3795.64
PAY000990,INV01247,26/10/2024 0:00,11130.34
PAY000991,INV01091,26/10/2024 0:00,7899
PAY000992,INV00156,28/10/2024 0:00,2762.83
PAY000993,INV01280,28/10/2024 0:00,2462.4
PAY000994,INV00027,29/10/2024 0:00,2404.56
PAY000995,INV00445,29/10/2024 0:00,11104.56
PAY000996,INV00994,29/10/2024 0:00,16864.46
PAY000997,INV01022,29/10/2024 0:00,2037.16
PAY000998,INV00811,30/10/2024 0:00,1819.96
PAY000999,INV00348,30/10/2024 0:00,9745
PAY001000,INV00661,31/10/2024 0:00,4643.12
PAY001001,INV01235,31/10/2024 0:00,300.93
PAY001002,INV00490,1/11/2024 0:00,5652.8
PAY001003,INV01110,1/11/2024 0:00,4053
PAY001004,INV00331,3/11/2024 0:00,11459.49
PAY001005,INV00631,4/11/2024 0:00,893.99
PAY001006,INV01262,4/11/2024 0:00,2158.22
PAY001007,INV00631,6/11/2024 0:00,893.99
PAY001008,INV01134,6/11/2024 0:00,10843.71
PAY001009,INV00888,7/11/2024 0:00,13940.42
PAY001010,INV01042,8/11/2024 0:00,792.71
PAY001011,INV00064,9/11/2024 0:00,1551.27
PAY001012,INV00134,9/11/2024 0:00,5544.74
PAY001013,INV00685,9/11/2024 0:00,12472.43
PAY001014,INV00892,9/11/2024 0:00,2859.62
PAY001015,INV00918,9/11/2024 0:00,14315.38
PAY001016,INV00632,9/11/2024 0:00,1352
PAY001017,INV00445,10/11/2024 0:00,11104.55
PAY001018,INV00547,11/11/2024 0:00,1002.6
PAY001019,INV00380,11/11/2024 0:00,19010
PAY001020,INV00425,12/11/2024 0:00,2173.21
PAY001021,INV01414,13/11/2024 0:00,1063.01
PAY001022,INV01051,13/11/2024 0:00,3057
PAY001023,INV00506,14/11/2024 0:00,3630.06
PAY001024,INV00913,14/11/2024 0:00,5647.63
PAY001025,INV00364,15/11/2024 0:00,10416.17
PAY001026,INV00402,15/11/2024 0:00,13410.94
PAY001027,INV00442,16/11/2024 0:00,3929.38
PAY001028,INV01273,16/11/2024 0:00,1221.96
PAY001029,INV01280,16/11/2024 0:00,2462.4
PAY001030,INV01470,16/11/2024 0:00,14997.07
PAY001031,INV00464,16/11/2024 0:00,4070
PAY001032,INV00807,17/11/2024 0:00,507.56
PAY001033,INV00904,17/11/2024 0:00,12353.16
PAY001034,INV01009,17/11/2024 0:00,5849.08
PAY001035,INV00625,18/11/2024 0:00,141.17
PAY001036,INV00499,19/11/2024 0:00,8446.07
PAY001037,INV00807,19/11/2024 0:00,507.56
PAY001038,INV01417,20/11/2024 0:00,2301.96
PAY001039,INV01156,21/11/2024 0:00,10587.53
PAY001040,INV01463,21/11/2024 0:00,4573.26
PAY001041,INV00431,21/11/2024 0:00,5091
PAY001042,INV00443,22/11/2024 0:00,1762
PAY001043,INV00136,23/11/2024 0:00,1824.47
PAY001044,INV00309,25/11/2024 0:00,12809.47
PAY001045,INV00955,26/11/2024 0:00,18871.57
PAY001046,INV00974,26/11/2024 0:00,15293.04
PAY001047,INV00131,27/11/2024 0:00,4139.98
PAY001048,INV01075,27/11/2024 0:00,8552.11
PAY001049,INV00930,27/11/2024 0:00,9696
PAY001050,INV00449,28/11/2024 0:00,10576.95
PAY001051,INV00009,30/11/2024 0:00,12337.93
PAY001052,INV00331,1/12/2024 0:00,11459.5
PAY001053,INV00929,2/12/2024 0:00,3795.71
PAY001054,INV01230,2/12/2024 0:00,557.03
PAY001055,INV00748,3/12/2024 0:00,3287.24
PAY001056,INV00184,4/12/2024 0:00,1292.48
PAY001057,INV01173,6/12/2024 0:00,4651.38
PAY001058,INV00695,6/12/2024 0:00,5469
PAY001059,INV00214,7/12/2024 0:00,1147.18
PAY001060,INV00424,7/12/2024 0:00,3204
PAY001061,INV00782,10/12/2024 0:00,23969.67
PAY001062,INV01363,10/12/2024 0:00,4680.63
PAY001063,INV01044,11/12/2024 0:00,3099.41
PAY001064,INV00625,12/12/2024 0:00,141.18
PAY001065,INV00049,12/12/2024 0:00,831
PAY001066,INV00758,13/12/2024 0:00,10226.24
PAY001067,INV01130,13/12/2024 0:00,574.36
PAY001068,INV01369,14/12/2024 0:00,8875.3
PAY001069,INV00292,15/12/2024 0:00,1688.94
PAY001070,INV00444,15/12/2024 0:00,5149.34
PAY001071,INV01156,15/12/2024 0:00,10587.52
PAY001072,INV00906,15/12/2024 0:00,1854
PAY001073,INV00762,16/12/2024 0:00,4069.24
PAY001074,INV00895,16/12/2024 0:00,3758.74
PAY001075,INV01069,16/12/2024 0:00,5917.72
PAY001076,INV00365,16/12/2024 0:00,10721.24
PAY001077,INV00729,16/12/2024 0:00,1088
PAY001078,INV00292,17/12/2024 0:00,1688.93
PAY001079,INV01293,17/12/2024 0:00,1023.22
PAY001080,INV01456,17/12/2024 0:00,897.12
PAY001081,INV00598,18/12/2024 0:00,1075.42
PAY001082,INV01400,19/12/2024 0:00,11249.95
PAY001083,INV00493,20/12/2024 0:00,10853.14
PAY001084,INV00998,20/12/2024 0:00,12916
PAY001085,INV00853,21/12/2024 0:00,6697
PAY001086,INV00385,22/12/2024 0:00,5799.59
PAY001087,INV01363,22/12/2024 0:00,4680.64
PAY001088,INV00929,23/12/2024 0:00,3795.71
PAY001089,INV00506,24/12/2024 0:00,3630.05
PAY001090,INV00767,24/12/2024 0:00,4944.39
PAY001091,INV01042,26/12/2024 0:00,792.71
PAY001092,INV00023,26/12/2024 0:00,12495.8
PAY001093,INV00257,27/12/2024 0:00,5275.56
PAY001094,INV00586,28/12/2024 0:00,10676.6
PAY001095,INV01056,28/12/2024 0:00,12764.19
PAY001096,INV00590,28/12/2024 0:00,2583.88
PAY001097,INV01355,29/12/2024 0:00,11893.39
PAY001098,INV01413,29/12/2024 0:00,8577
PAY001099,INV00761,1/1/2025 0:00,5638.23
PAY001100,INV01150,2/1/2025 0:00,1380.71
PAY001101,INV01476,2/1/2025 0:00,6726.04
PAY001102,INV01319,3/1/2025 0:00,7119
PAY001103,INV00784,4/1/2025 0:00,11493.52
PAY001104,INV00819,4/1/2025 0:00,1889.73
PAY001105,INV00873,4/1/2025 0:00,10536.99
PAY001106,INV00927,4/1/2025 0:00,1725.66
PAY001107,INV01498,4/1/2025 0:00,198.52
PAY001108,INV00427,5/1/2025 0:00,3370.89
PAY001109,INV00596,5/1/2025 0:00,2826.65
PAY001110,INV00268,5/1/2025 0:00,16455
PAY001111,INV01162,5/1/2025 0:00,4834
PAY001112,INV00502,7/1/2025 0:00,7638.59
PAY001113,INV00474,7/1/2025 0:00,9699
PAY001114,INV01133,7/1/2025 0:00,9769
PAY001115,INV00898,8/1/2025 0:00,22050.24
PAY001116,INV00288,9/1/2025 0:00,5231.07
PAY001117,INV00493,9/1/2025 0:00,10853.14
PAY001118,INV01422,9/1/2025 0:00,16387.38
PAY001119,INV00223,10/1/2025 0:00,971.14
PAY001120,INV00761,10/1/2025 0:00,5638.23
PAY001121,INV00819,10/1/2025 0:00,1889.73
PAY001122,INV01450,10/1/2025 0:00,11167.21
PAY001123,INV01044,11/1/2025 0:00,3099.41
PAY001124,INV00546,11/1/2025 0:00,6493
PAY001125,INV00051,11/1/2025 0:00,5846.08
PAY001126,INV00065,13/1/2025 0:00,11529.06
PAY001127,INV00511,13/1/2025 0:00,15820.59
PAY001128,INV00902,13/1/2025 0:00,4604.13
PAY001129,INV00641,14/1/2025 0:00,3459.11
PAY001130,INV01183,14/1/2025 0:00,2700.68
PAY001131,INV00512,17/1/2025 0:00,14102.56
PAY001132,INV00427,18/1/2025 0:00,3370.88
PAY001133,INV01123,18/1/2025 0:00,2824.07
PAY001134,INV00460,18/1/2025 0:00,7130.78
PAY001135,INV00399,19/1/2025 0:00,12179.06
PAY001136,INV01456,19/1/2025 0:00,897.13
PAY001137,INV00329,19/1/2025 0:00,11066.89
PAY001138,INV00648,19/1/2025 0:00,6681.64
PAY001139,INV00899,20/1/2025 0:00,17041.9
PAY001140,INV00099,21/1/2025 0:00,789.78
PAY001141,INV00501,22/1/2025 0:00,15058.92
PAY001142,INV00137,24/1/2025 0:00,3699.8
PAY001143,INV00902,24/1/2025 0:00,4604.13
PAY001144,INV01123,24/1/2025 0:00,2824.07
PAY001145,INV00043,24/1/2025 0:00,1782
PAY001146,INV00646,24/1/2025 0:00,12704.18
PAY001147,INV00342,25/1/2025 0:00,17568
PAY001148,INV01447,26/1/2025 0:00,14213.74
PAY001149,INV01292,27/1/2025 0:00,2175.58
PAY001150,INV00110,28/1/2025 0:00,3574.41
PAY001151,INV00303,28/1/2025 0:00,190.86
PAY001152,INV01399,28/1/2025 0:00,6069.98
PAY001153,INV00186,29/1/2025 0:00,4440.82
PAY001154,INV00440,29/1/2025 0:00,10101.81
PAY001155,INV01183,29/1/2025 0:00,2700.68
PAY001156,INV00840,31/1/2025 0:00,602.59
PAY001157,INV00048,31/1/2025 0:00,3429
PAY001158,INV00019,1/2/2025 0:00,1289
PAY001159,INV01141,3/2/2025 0:00,1696.96
PAY001160,INV01423,5/2/2025 0:00,2176.8
PAY001161,INV00190,7/2/2025 0:00,18505.68
PAY001162,INV00656,7/2/2025 0:00,11078
PAY001163,INV01439,8/2/2025 0:00,4554.74
PAY001164,INV00910,9/2/2025 0:00,12057.63
PAY001165,INV00005,11/2/2025 0:00,2640.79
PAY001166,INV01419,11/2/2025 0:00,12198.78
PAY001167,INV00099,12/2/2025 0:00,789.78
PAY001168,INV00327,12/2/2025 0:00,3434.32
PAY001169,INV01198,13/2/2025 0:00,4483.35
PAY001170,INV00104,14/2/2025 0:00,7385.72
PAY001171,INV01008,14/2/2025 0:00,4079.32
PAY001172,INV01188,14/2/2025 0:00,11233
PAY001173,INV00161,15/2/2025 0:00,4291.69
PAY001174,INV00350,15/2/2025 0:00,10305.2
PAY001175,INV00076,16/2/2025 0:00,11034.64
PAY001176,INV01011,16/2/2025 0:00,4914.08
PAY001177,INV01241,16/2/2025 0:00,412.06
PAY001178,INV00586,17/2/2025 0:00,10676.59
PAY001179,INV01289,17/2/2025 0:00,2763
PAY001180,INV00675,18/2/2025 0:00,3323.27
PAY001181,INV00991,18/2/2025 0:00,2756.74
PAY001182,INV01375,18/2/2025 0:00,7884.33
PAY001183,INV00528,19/2/2025 0:00,443.39
PAY001184,INV01229,20/2/2025 0:00,2650.67
PAY001185,INV01318,20/2/2025 0:00,8703.08
PAY001186,INV00677,21/2/2025 0:00,7410.66
PAY001187,INV00118,21/2/2025 0:00,969.31
PAY001188,INV01226,24/2/2025 0:00,12000
PAY001189,INV00598,25/2/2025 0:00,1075.43
PAY001190,INV00867,26/2/2025 0:00,8385
PAY001191,INV00738,27/2/2025 0:00,4923.75
PAY001192,INV00183,3/3/2025 0:00,7155.01
PAY001193,INV01007,3/3/2025 0:00,12212.88
PAY001194,INV00230,4/3/2025 0:00,1060
PAY001195,INV00036,4/3/2025 0:00,7499.84
PAY001196,INV01067,5/3/2025 0:00,9459.86
PAY001197,INV01500,5/3/2025 0:00,6027
PAY001198,INV00489,6/3/2025 0:00,7704.65
PAY001199,INV00482,7/3/2025 0:00,3531.67
PAY001200,INV00678,8/3/2025 0:00,12124.19
PAY001201,INV00344,9/3/2025 0:00,2545.32
PAY001202,INV00726,9/3/2025 0:00,4210.42
PAY001203,INV00209,10/3/2025 0:00,10288.21
PAY001204,INV00488,11/3/2025 0:00,12401.54
PAY001205,INV00844,11/3/2025 0:00,12496.28
PAY001206,INV00771,12/3/2025 0:00,4226
PAY001207,INV00388,13/3/2025 0:00,1465.1
PAY001208,INV01073,15/3/2025 0:00,13330.12
PAY001209,INV00860,15/3/2025 0:00,8298
PAY001210,INV01424,15/3/2025 0:00,7557
PAY001211,INV00125,16/3/2025 0:00,9021.21
PAY001212,INV00531,16/3/2025 0:00,3762
PAY001213,INV01231,17/3/2025 0:00,5695.26
PAY001214,INV00128,20/3/2025 0:00,7004.66
PAY001215,INV00887,21/3/2025 0:00,8015.66
PAY001216,INV00303,22/3/2025 0:00,190.87
PAY001217,INV00369,22/3/2025 0:00,2381.68
PAY001218,INV00520,23/3/2025 0:00,2215.58
PAY001219,INV00730,23/3/2025 0:00,7418
PAY001220,INV01270,24/3/2025 0:00,11932
PAY001221,INV00221,24/3/2025 0:00,8534
PAY001222,INV00754,25/3/2025 0:00,5947.01
PAY001223,INV01095,25/3/2025 0:00,770.58
PAY001224,INV00608,25/3/2025 0:00,7990.73
PAY001225,INV01151,26/3/2025 0:00,5503.93
PAY001226,INV00086,27/3/2025 0:00,4878.46
PAY001227,INV00125,27/3/2025 0:00,9021.21
PAY001228,INV00520,27/3/2025 0:00,2215.58
PAY001229,INV01429,28/3/2025 0:00,10144.07
PAY001230,INV00161,29/3/2025 0:00,4291.69
PAY001231,INV00903,29/3/2025 0:00,1201
PAY001232,INV00137,31/3/2025 0:00,3699.79
PAY001233,INV01221,31/3/2025 0:00,987.78
PAY001234,INV00391,1/4/2025 0:00,1201.98
PAY001235,INV01253,1/4/2025 0:00,12346
PAY001236,INV00522,2/4/2025 0:00,11628.53
PAY001237,INV00677,2/4/2025 0:00,7410.65
PAY001238,INV00384,3/4/2025 0:00,9169
PAY001239,INV01221,5/4/2025 0:00,987.78
PAY001240,INV00052,6/4/2025 0:00,5478.69
PAY001241,INV00228,6/4/2025 0:00,14415.37
PAY001242,INV01149,7/4/2025 0:00,3357.34
PAY001243,INV00996,7/4/2025 0:00,5905.95
PAY001244,INV01477,7/4/2025 0:00,8693.84
PAY001245,INV00532,8/4/2025 0:00,1194.72
PAY001246,INV00674,8/4/2025 0:00,11700.44
PAY001247,INV01181,8/4/2025 0:00,8412
PAY001248,INV01200,9/4/2025 0:00,10385.28
PAY001249,INV00321,10/4/2025 0:00,17097.23
PAY001250,INV01356,11/4/2025 0:00,4545.73
PAY001251,INV00316,12/4/2025 0:00,8033.83
PAY001252,INV00369,12/4/2025 0:00,2381.68
PAY001253,INV00630,15/4/2025 0:00,663.5
PAY001254,INV00396,17/4/2025 0:00,1486.32
PAY001255,INV00524,17/4/2025 0:00,2975.19
PAY001256,INV01246,17/4/2025 0:00,5145.21
PAY001257,INV00316,18/4/2025 0:00,8033.82
PAY001258,INV01013,18/4/2025 0:00,1456
PAY001259,INV01219,18/4/2025 0:00,3116.62
PAY001260,INV00673,19/4/2025 0:00,6466
PAY001261,INV00279,21/4/2025 0:00,4024.82
PAY001262,INV01375,21/4/2025 0:00,7884.32
PAY001263,INV00610,23/4/2025 0:00,4244.11
PAY001264,INV00418,24/4/2025 0:00,21831.87
PAY001265,INV00482,24/4/2025 0:00,3531.67
PAY001266,INV00865,24/4/2025 0:00,2268.37
PAY001267,INV00004,25/4/2025 0:00,2400.24
PAY001268,INV01394,25/4/2025 0:00,5792.77
PAY001269,INV00126,25/4/2025 0:00,16339
PAY001270,INV00173,28/4/2025 0:00,501.38
PAY001271,INV00905,28/4/2025 0:00,2480
PAY001272,INV00613,28/4/2025 0:00,3763.64
PAY001273,INV00528,29/4/2025 0:00,443.4
PAY001274,INV00286,30/4/2025 0:00,13991.25
PAY001275,INV00467,30/4/2025 0:00,8327.93
PAY001276,INV00732,30/4/2025 0:00,14872.29
PAY001277,INV00238,1/5/2025 0:00,1792.75
PAY001278,INV00340,1/5/2025 0:00,4928
PAY001279,INV00196,3/5/2025 0:00,2782.3
PAY001280,INV00535,3/5/2025 0:00,24149.92
PAY001281,INV00922,3/5/2025 0:00,2501
PAY001282,INV00582,4/5/2025 0:00,1154.57
PAY001283,INV01290,4/5/2025 0:00,5075.64
PAY001284,INV01027,5/5/2025 0:00,1488
PAY001285,INV00991,6/5/2025 0:00,2756.74
PAY001286,INV00070,6/5/2025 0:00,1230
PAY001287,INV00330,7/5/2025 0:00,9786.49
PAY001288,INV00630,7/5/2025 0:00,663.5
PAY001289,INV00085,7/5/2025 0:00,6413
PAY001290,INV00966,9/5/2025 0:00,7788.9
PAY001291,INV00455,10/5/2025 0:00,2556.58
PAY001292,INV00594,10/5/2025 0:00,7517.85
PAY001293,INV01359,10/5/2025 0:00,8161.78
PAY001294,INV00532,12/5/2025 0:00,1194.71
PAY001295,INV00362,12/5/2025 0:00,5955.56
PAY001296,INV00942,13/5/2025 0:00,3957.3
PAY001297,INV00676,15/5/2025 0:00,3450.96
PAY001298,INV00889,15/5/2025 0:00,2591.78
PAY001299,INV01443,15/5/2025 0:00,2656.96
PAY001300,INV01249,16/5/2025 0:00,1865.63
PAY001301,INV01246,19/5/2025 0:00,5145.2
PAY001302,INV01393,20/5/2025 0:00,12323.73
PAY001303,INV01030,22/5/2025 0:00,14769.74
PAY001304,INV01031,22/5/2025 0:00,19578
PAY001305,INV00618,23/5/2025 0:00,8832.49
PAY001306,INV00881,23/5/2025 0:00,15674.24
PAY001307,INV01149,23/5/2025 0:00,3357.34
PAY001308,INV00720,24/5/2025 0:00,1221.18
PAY001309,INV00746,24/5/2025 0:00,743.5
PAY001310,INV00691,25/5/2025 0:00,10663.23
PAY001311,INV01371,26/5/2025 0:00,7982.84
PAY001312,INV00561,26/5/2025 0:00,2163
PAY001313,INV00193,27/5/2025 0:00,12574.08
PAY001314,INV01460,27/5/2025 0:00,13545.54
PAY001315,INV00247,27/5/2025 0:00,10409
PAY001316,INV01324,28/5/2025 0:00,2474.23
PAY001317,INV00612,28/5/2025 0:00,8223.37
PAY001318,INV00582,29/5/2025 0:00,1154.58
PAY001319,INV00683,29/5/2025 0:00,4467.11
PAY001320,INV00158,30/5/2025 0:00,7541.36
PAY001321,INV00347,30/5/2025 0:00,4235.44
PAY001322,INV00865,30/5/2025 0:00,2268.37
PAY001323,INV01210,30/5/2025 0:00,2542.27
PAY001324,INV01335,30/5/2025 0:00,2686
PAY001325,INV01121,31/5/2025 0:00,6697.68
PAY001326,INV00967,1/6/2025 0:00,2498.59
PAY001327,INV01090,1/6/2025 0:00,15305.67
PAY001328,INV00021,2/6/2025 0:00,7204.66
PAY001329,INV00086,2/6/2025 0:00,4878.46
PAY001330,INV00522,3/6/2025 0:00,11628.53
PAY001331,INV00353,4/6/2025 0:00,3095.39
PAY001332,INV00864,4/6/2025 0:00,5531.04
PAY001333,INV01330,4/6/2025 0:00,12354.58
PAY001334,INV00455,5/6/2025 0:00,2556.58
PAY001335,INV01092,6/6/2025 0:00,5200.84
PAY001336,INV00707,7/6/2025 0:00,3607.19
PAY001337,INV01386,7/6/2025 0:00,2006.41
PAY001338,INV00476,8/6/2025 0:00,11710
PAY001339,INV00142,9/6/2025 0:00,11816.92
PAY001340,INV00320,9/6/2025 0:00,6758.35
PAY001341,INV01137,9/6/2025 0:00,5149.05
PAY001342,INV00559,10/6/2025 0:00,5372.17
PAY001343,INV00743,10/6/2025 0:00,7919
PAY001344,INV00770,12/6/2025 0:00,1684.89
PAY001345,INV00042,14/6/2025 0:00,15033.33
PAY001346,INV01312,14/6/2025 0:00,4258
PAY001347,INV00605,15/6/2025 0:00,3694.12
PAY001348,INV00925,15/6/2025 0:00,6230.18
PAY001349,INV00339,16/6/2025 0:00,731.05
PAY001350,INV00566,16/6/2025 0:00,8426.5
PAY001351,INV00942,16/6/2025 0:00,3957.3
PAY001352,INV00356,16/6/2025 0:00,8347
PAY001353,INV00564,16/6/2025 0:00,897.96
PAY001354,INV00446,17/6/2025 0:00,16833.3
PAY001355,INV01052,17/6/2025 0:00,17412.91
PAY001356,INV01371,17/6/2025 0:00,7982.83
PAY001357,INV00018,17/6/2025 0:00,5122
PAY001358,INV00971,18/6/2025 0:00,1435.72
PAY001359,INV01440,19/6/2025 0:00,13358.85
PAY001360,INV00260,19/6/2025 0:00,3062
PAY001361,INV01248,20/6/2025 0:00,2013
PAY001362,INV00825,21/6/2025 0:00,7767.01
PAY001363,INV01109,21/6/2025 0:00,3564.35
PAY001364,INV00207,23/6/2025 0:00,16597.25
PAY001365,INV00633,24/6/2025 0:00,3147.09
PAY001366,INV01033,25/6/2025 0:00,18034
PAY001367,INV00153,27/6/2025 0:00,1203.31
PAY001368,INV00132,29/6/2025 0:00,15959.01
PAY001369,INV01213,30/6/2025 0:00,8574
PAY001370,INV00434,30/6/2025 0:00,1875
PAY001371,INV00279,1/7/2025 0:00,4024.81
PAY001372,INV00429,1/7/2025 0:00,7256.95
PAY001373,INV00966,1/7/2025 0:00,7788.91
PAY001374,INV01415,1/7/2025 0:00,18338.85
PAY001375,INV00080,1/7/2025 0:00,10247.71
PAY001376,INV00004,2/7/2025 0:00,2400.24
PAY001377,INV00227,2/7/2025 0:00,1181.71
PAY001378,INV00406,3/7/2025 0:00,6985.89
PAY001379,INV01468,4/7/2025 0:00,11551.9
PAY001380,INV01088,5/7/2025 0:00,9074.71
PAY001381,INV01266,5/7/2025 0:00,10631.15
PAY001382,INV00922,6/7/2025 0:00,2500.99
PAY001383,INV01416,6/7/2025 0:00,3801.54
PAY001384,INV00147,6/7/2025 0:00,11348.55
PAY001385,INV01227,8/7/2025 0:00,2625.9
PAY001386,INV00261,8/7/2025 0:00,1158
PAY001387,INV00915,9/7/2025 0:00,279.34
PAY001388,INV01383,9/7/2025 0:00,5766.79
PAY001389,INV01331,9/7/2025 0:00,3519.56
PAY001390,INV00060,12/7/2025 0:00,1056.3
PAY001391,INV00417,12/7/2025 0:00,2191.9
PAY001392,INV00555,12/7/2025 0:00,4287.75
PAY001393,INV00934,13/7/2025 0:00,7497.84
PAY001394,INV01163,13/7/2025 0:00,2762.03
PAY001395,INV01096,14/7/2025 0:00,21051.92
PAY001396,INV01451,15/7/2025 0:00,17888.58
PAY001397,INV00216,15/7/2025 0:00,1714
PAY001398,INV00912,15/7/2025 0:00,5734
PAY001399,INV00948,17/7/2025 0:00,1052.83
PAY001400,INV00171,18/7/2025 0:00,9523.84
PAY001401,INV01165,18/7/2025 0:00,6526.81
PAY001402,INV00299,19/7/2025 0:00,1272.98
PAY001403,INV01385,20/7/2025 0:00,4623.04
PAY001404,INV00304,21/7/2025 0:00,4038.74
PAY001405,INV01249,21/7/2025 0:00,1865.63
PAY001406,INV01337,21/7/2025 0:00,9334.18
PAY001407,INV00826,21/7/2025 0:00,2391.09
PAY001408,INV00857,22/7/2025 0:00,2443.14
PAY001409,INV00201,22/7/2025 0:00,991
PAY001410,INV00375,22/7/2025 0:00,952
PAY001411,INV00072,23/7/2025 0:00,4471.63
PAY001412,INV00415,23/7/2025 0:00,2836.34
PAY001413,INV00075,25/7/2025 0:00,6219
PAY001414,INV00021,26/7/2025 0:00,7204.66
PAY001415,INV00168,26/7/2025 0:00,3664.58
PAY001416,INV01023,26/7/2025 0:00,9318
PAY001417,INV01177,28/7/2025 0:00,7574.53
PAY001418,INV01321,28/7/2025 0:00,5790.16
PAY001419,INV01438,28/7/2025 0:00,5521.74
PAY001420,INV00060,29/7/2025 0:00,1056.29
PAY001421,INV00145,30/7/2025 0:00,1103.66
PAY001422,INV00919,30/7/2025 0:00,6898.48
PAY001423,INV01386,31/7/2025 0:00,2006.4
PAY001424,INV00102,1/8/2025 0:00,3234.03
PAY001425,INV00040,2/8/2025 0:00,2001.76
PAY001426,INV00072,2/8/2025 0:00,4471.63
PAY001427,INV01271,2/8/2025 0:00,2283
PAY001428,INV01001,2/8/2025 0:00,6357.13
PAY001429,INV00750,3/8/2025 0:00,5857.62
PAY001430,INV01334,3/8/2025 0:00,2230.76
PAY001431,INV00058,4/8/2025 0:00,15869.56
PAY001432,INV00353,4/8/2025 0:00,3095.39
PAY001433,INV00894,4/8/2025 0:00,5101.01
PAY001434,INV01238,5/8/2025 0:00,21561.31
PAY001435,INV01271,5/8/2025 0:00,2283
PAY001436,INV00735,5/8/2025 0:00,542
PAY001437,INV00040,6/8/2025 0:00,2001.77
PAY001438,INV00911,6/8/2025 0:00,7030.03
PAY001439,INV01430,6/8/2025 0:00,6435
PAY001440,INV01132,7/8/2025 0:00,7543.24
PAY001441,INV01383,7/8/2025 0:00,5766.79
PAY001442,INV01411,7/8/2025 0:00,8375.56
PAY001443,INV00436,7/8/2025 0:00,10507.16
PAY001444,INV00800,7/8/2025 0:00,9974.32
PAY001445,INV01326,7/8/2025 0:00,1259
PAY001446,INV00034,8/8/2025 0:00,4979.53
PAY001447,INV00181,9/8/2025 0:00,4095
PAY001448,INV01234,9/8/2025 0:00,3460.86
PAY001449,INV00454,9/8/2025 0:00,8301
PAY001450,INV00988,11/8/2025 0:00,24925.26
PAY001451,INV01480,13/8/2025 0:00,10113.38
PAY001452,INV01043,13/8/2025 0:00,6589.23
PAY001453,INV00174,14/8/2025 0:00,2852.48
PAY001454,INV00083,15/8/2025 0:00,311.59
PAY001455,INV00806,15/8/2025 0:00,10529.54
PAY001456,INV00850,15/8/2025 0:00,23939.65
PAY001457,INV00346,15/8/2025 0:00,8972.25
PAY001458,INV00417,16/8/2025 0:00,2191.91
PAY001459,INV00605,17/8/2025 0:00,3694.13
PAY001460,INV01126,19/8/2025 0:00,12940.07
PAY001461,INV00915,20/8/2025 0:00,279.35
PAY001462,INV00202,21/8/2025 0:00,13843.88
PAY001463,INV00101,21/8/2025 0:00,1533
PAY001464,INV00571,21/8/2025 0:00,2813.26
PAY001465,INV01304,21/8/2025 0:00,13818
PAY001466,INV00248,22/8/2025 0:00,6097.54
PAY001467,INV01237,22/8/2025 0:00,1637.64
PAY001468,INV01063,22/8/2025 0:00,3863.85
PAY001469,INV00069,23/8/2025 0:00,3167.3
PAY001470,INV01254,23/8/2025 0:00,2151
PAY001471,INV01496,24/8/2025 0:00,4369.96
PAY001472,INV01100,26/8/2025 0:00,5510.59
PAY001473,INV00195,26/8/2025 0:00,12567
PAY001474,INV00138,27/8/2025 0:00,872
PAY001475,INV01486,27/8/2025 0:00,7280.48
PAY001476,INV01088,28/8/2025 0:00,9074.7
PAY001477,INV01071,28/8/2025 0:00,6118
PAY001478,INV00304,29/8/2025 0:00,4038.74
PAY001479,INV00981,29/8/2025 0:00,2133.85
PAY001480,INV00795,30/8/2025 0:00,1846.94
PAY001481,INV00254,31/8/2025 0:00,643.72
PAY001482,INV00504,31/8/2025 0:00,9005
PAY001483,INV00682,1/9/2025 0:00,4835.75
PAY001484,INV01084,1/9/2025 0:00,4622.83
PAY001485,INV00843,2/9/2025 0:00,2641.08
PAY001486,INV00894,3/9/2025 0:00,5101.01
PAY001487,INV00153,5/9/2025 0:00,1203.31
PAY001488,INV00189,5/9/2025 0:00,3437.33
PAY001489,INV00574,6/9/2025 0:00,16419.81
PAY001490,INV01346,7/9/2025 0:00,9616.02
PAY001491,INV01093,7/9/2025 0:00,2262
PAY001492,INV00145,8/9/2025 0:00,1103.67
PAY001493,INV01497,8/9/2025 0:00,2881.64
PAY001494,INV00843,9/9/2025 0:00,2641.08
PAY001495,INV01237,9/9/2025 0:00,1637.64
PAY001496,INV00371,10/9/2025 0:00,2561.13
PAY001497,INV00204,11/9/2025 0:00,10688
PAY001498,INV00680,12/9/2025 0:00,1514.93
PAY001499,INV01152,12/9/2025 0:00,1344.75
PAY001500,INV00623,13/9/2025 0:00,5876.15
PAY001501,INV00963,13/9/2025 0:00,7050.39
PAY001502,INV00098,14/9/2025 0:00,8626.09
PAY001503,INV01100,14/9/2025 0:00,5510.59
PAY001504,INV00273,15/9/2025 0:00,4449.86
PAY001505,INV00062,15/9/2025 0:00,5546
PAY001506,INV01058,15/9/2025 0:00,13008.98
PAY001507,INV00267,16/9/2025 0:00,23376.86
PAY001508,INV00408,16/9/2025 0:00,1448
PAY001509,INV01377,16/9/2025 0:00,1114
PAY001510,INV00226,17/9/2025 0:00,757.5
PAY001511,INV00518,17/9/2025 0:00,400.61
PAY001512,INV00569,18/9/2025 0:00,4448.46
PAY001513,INV01144,18/9/2025 0:00,8360.94
PAY001514,INV00073,19/9/2025 0:00,2391.76
PAY001515,INV00682,19/9/2025 0:00,4835.75
PAY001516,INV01038,19/9/2025 0:00,9728.57
PAY001517,INV00412,20/9/2025 0:00,2264.6
PAY001518,INV00354,21/9/2025 0:00,282.84
PAY001519,INV00830,21/9/2025 0:00,6602.38
PAY001520,INV00219,21/9/2025 0:00,3359
PAY001521,INV01117,22/9/2025 0:00,13834.3
PAY001522,INV01264,23/9/2025 0:00,990.91
PAY001523,INV01334,23/9/2025 0:00,2230.76
PAY001524,INV00392,23/9/2025 0:00,14347
PAY001525,INV00211,24/9/2025 0:00,764.87
PAY001526,INV00109,25/9/2025 0:00,4723.46
PAY001527,INV00368,25/9/2025 0:00,10744.55
PAY001528,INV01171,25/9/2025 0:00,342.99
PAY001529,INV01080,26/9/2025 0:00,9038.94
PAY001530,INV01286,26/9/2025 0:00,5870.64
PAY001531,INV01338,26/9/2025 0:00,13893.59
PAY001532,INV00533,26/9/2025 0:00,5074
PAY001533,INV01155,26/9/2025 0:00,11781
PAY001534,INV00833,26/9/2025 0:00,13978
PAY001535,INV00213,27/9/2025 0:00,5031.01
PAY001536,INV00226,28/9/2025 0:00,757.5
PAY001537,INV00176,29/9/2025 0:00,10574.34
PAY001538,INV00557,29/9/2025 0:00,3873.84
PAY001539,INV00477,29/9/2025 0:00,11207
PAY001540,INV00601,1/10/2025 0:00,2845.14
PAY001541,INV00719,3/10/2025 0:00,6618
PAY001542,INV00334,4/10/2025 0:00,12358.5
PAY001543,INV00448,4/10/2025 0:00,1533.71
PAY001544,INV01157,4/10/2025 0:00,14014.62
PAY001545,INV00716,5/10/2025 0:00,14636.05
PAY001546,INV01278,5/10/2025 0:00,1186.02
PAY001547,INV00053,6/10/2025 0:00,3308.44
PAY001548,INV01171,6/10/2025 0:00,342.99
PAY001549,INV01374,6/10/2025 0:00,11777.16
PAY001550,INV01436,6/10/2025 0:00,10632.46
PAY001551,INV01143,7/10/2025 0:00,9799.07
PAY001552,INV01445,7/10/2025 0:00,758.34
PAY001553,INV00718,7/10/2025 0:00,11594
PAY001554,INV00868,7/10/2025 0:00,6396.43
PAY001555,INV00740,8/10/2025 0:00,23551.56
PAY001556,INV00931,9/10/2025 0:00,3780.26
PAY001557,INV01436,9/10/2025 0:00,10632.46
PAY001558,INV01108,9/10/2025 0:00,15968.71
PAY001559,INV01232,10/10/2025 0:00,3868.61
PAY001560,INV01373,10/10/2025 0:00,9975.7
PAY001561,INV00885,10/10/2025 0:00,14701
PAY001562,INV00422,10/10/2025 0:00,1756.7
PAY001563,INV00623,11/10/2025 0:00,5876.15
PAY001564,INV00891,11/10/2025 0:00,6228.72
PAY001565,INV00275,11/10/2025 0:00,7021
PAY001566,INV00377,13/10/2025 0:00,2246.98
PAY001567,INV01086,13/10/2025 0:00,10461.22
PAY001568,INV00299,14/10/2025 0:00,1272.98
PAY001569,INV01048,14/10/2025 0:00,10769.05
PAY001570,INV01166,14/10/2025 0:00,4523.19
PAY001571,INV00576,15/10/2025 0:00,7762.25
PAY001572,INV01321,15/10/2025 0:00,5790.15
PAY001573,INV00958,16/10/2025 0:00,4929.24
PAY001574,INV00856,17/10/2025 0:00,1437.83
PAY001575,INV00939,17/10/2025 0:00,4773.03
PAY001576,INV00583,17/10/2025 0:00,3045
PAY001577,INV01300,18/10/2025 0:00,3740.58
PAY001578,INV00083,19/10/2025 0:00,311.59
PAY001579,INV00355,19/10/2025 0:00,7643.23
PAY001580,INV00855,19/10/2025 0:00,2364.24
PAY001581,INV01260,19/10/2025 0:00,13962.75
PAY001582,INV00507,20/10/2025 0:00,9665.12
PAY001583,INV01272,20/10/2025 0:00,1555.95
PAY001584,INV00575,20/10/2025 0:00,3034.14
PAY001585,INV00901,21/10/2025 0:00,5603.73
PAY001586,INV00711,22/10/2025 0:00,2808.18
PAY001587,INV01055,22/10/2025 0:00,2156.15
PAY001588,INV00287,23/10/2025 0:00,10378.59
PAY001589,INV00714,23/10/2025 0:00,15083.13
PAY001590,INV00755,23/10/2025 0:00,520.31
PAY001591,INV01282,23/10/2025 0:00,4446.74
PAY001592,INV01410,23/10/2025 0:00,1609.42
PAY001593,INV00053,24/10/2025 0:00,3308.45
PAY001594,INV00507,24/10/2025 0:00,9665.12
PAY001595,INV00911,24/10/2025 0:00,7030.03
PAY001596,INV00151,25/10/2025 0:00,13312
PAY001597,INV00032,25/10/2025 0:00,7326.76
PAY001598,INV01396,25/10/2025 0:00,8176
PAY001599,INV00601,26/10/2025 0:00,2845.13
PAY001600,INV00931,26/10/2025 0:00,3780.26
PAY001601,INV00997,26/10/2025 0:00,3884.07
PAY001602,INV01426,27/10/2025 0:00,5738
PAY001603,INV00686,28/10/2025 0:00,2891.9
PAY001604,INV00757,29/10/2025 0:00,652.56
PAY001605,INV01278,29/10/2025 0:00,1186.02
PAY001606,INV00551,30/10/2025 0:00,17596.9
PAY001607,INV00802,30/10/2025 0:00,10245.94
PAY001608,INV00950,30/10/2025 0:00,7319.69
PAY001609,INV00028,30/10/2025 0:00,5825
PAY001610,INV00254,1/11/2025 0:00,643.71
PAY001611,INV01077,1/11/2025 0:00,10944.78
PAY001612,INV01264,1/11/2025 0:00,990.92
PAY001613,INV00239,1/11/2025 0:00,1799
PAY001614,INV00357,2/11/2025 0:00,8678.56
PAY001615,INV00797,4/11/2025 0:00,2251.24
PAY001616,INV01268,4/11/2025 0:00,7212.71
PAY001617,INV01497,5/11/2025 0:00,2881.64
PAY001618,INV01074,5/11/2025 0:00,5446
PAY001619,INV00797,6/11/2025 0:00,2251.25
PAY001620,INV00381,6/11/2025 0:00,10608
PAY001621,INV00644,6/11/2025 0:00,16596
PAY001622,INV01407,7/11/2025 0:00,261.56
PAY001623,INV00308,8/11/2025 0:00,5780
PAY001624,INV01152,10/11/2025 0:00,1344.76
PAY001625,INV00091,10/11/2025 0:00,1730.95
PAY001626,INV01388,10/11/2025 0:00,10099
PAY001627,INV01047,11/11/2025 0:00,4444
PAY001628,INV00263,12/11/2025 0:00,5874.27
PAY001629,INV00855,12/11/2025 0:00,2364.24
PAY001630,INV00073,14/11/2025 0:00,2391.76
PAY001631,INV00232,15/11/2025 0:00,24597.4
PAY001632,INV00745,15/11/2025 0:00,12329
PAY001633,INV00263,16/11/2025 0:00,5874.27
PAY001634,INV00690,16/11/2025 0:00,22140.2
PAY001635,INV00358,17/11/2025 0:00,2587.12
PAY001636,INV01216,17/11/2025 0:00,2834.98
PAY001637,INV00437,17/11/2025 0:00,2748
PAY001638,INV00084,18/11/2025 0:00,5508.99
PAY001639,INV01445,19/11/2025 0:00,758.34
PAY001640,INV00412,21/11/2025 0:00,2264.6
PAY001641,INV01040,21/11/2025 0:00,507.39
PAY001642,INV00670,22/11/2025 0:00,2550.11
PAY001643,INV01478,22/11/2025 0:00,3305.79
PAY001644,INV00953,22/11/2025 0:00,12988
PAY001645,INV00111,23/11/2025 0:00,15113
PAY001646,INV00900,25/11/2025 0:00,14076
PAY001647,INV00814,26/11/2025 0:00,1770.99
PAY001648,INV00834,26/11/2025 0:00,4316.42
PAY001649,INV00908,26/11/2025 0:00,7301.02
PAY001650,INV01216,26/11/2025 0:00,2834.98
PAY001651,INV00177,27/11/2025 0:00,1294.87
PAY001652,INV00550,28/11/2025 0:00,13374.02
PAY001653,INV00318,29/11/2025 0:00,10378.66
PAY001654,INV00354,29/11/2025 0:00,282.84
PAY001655,INV00450,1/12/2025 0:00,3196.51
PAY001656,INV00459,1/12/2025 0:00,8473.07
PAY001657,INV00177,3/12/2025 0:00,1294.87
PAY001658,INV00465,3/12/2025 0:00,19261
PAY001659,INV00178,4/12/2025 0:00,5543.1
PAY001660,INV01185,4/12/2025 0:00,371.4
PAY001661,INV00815,5/12/2025 0:00,6003.72
PAY001662,INV01491,5/12/2025 0:00,2131
PAY001663,INV00338,6/12/2025 0:00,4233.84
PAY001664,INV00448,6/12/2025 0:00,1533.71
PAY001665,INV01408,7/12/2025 0:00,1461.99
PAY001666,INV01153,7/12/2025 0:00,3489
PAY001667,INV01184,8/12/2025 0:00,10858.94
PAY001668,INV00393,9/12/2025 0:00,776.91
PAY001669,INV00696,9/12/2025 0:00,2005.43
PAY001670,INV00056,9/12/2025 0:00,8546
PAY001671,INV00289,10/12/2025 0:00,5114.86
PAY001672,INV00355,10/12/2025 0:00,7643.23
PAY001673,INV01005,10/12/2025 0:00,10561.72
PAY001674,INV00521,11/12/2025 0:00,12223.95
PAY001675,INV01310,13/12/2025 0:00,2997.88
PAY001676,INV01418,13/12/2025 0:00,14519.09
PAY001677,INV01191,14/12/2025 0:00,18986.95
PAY001678,INV00306,15/12/2025 0:00,1921
PAY001679,INV00179,17/12/2025 0:00,5610.32
PAY001680,INV00804,18/12/2025 0:00,12340.71
PAY001681,INV01174,19/12/2025 0:00,454.71
PAY001682,INV01146,20/12/2025 0:00,6223.87
PAY001683,INV01064,20/12/2025 0:00,2746
PAY001684,INV00593,21/12/2025 0:00,3843.7
PAY001685,INV00077,22/12/2025 0:00,7562.16
PAY001686,INV00578,22/12/2025 0:00,4901.4
PAY001687,INV00006,22/12/2025 0:00,12490.12
PAY001688,INV00428,23/12/2025 0:00,2226.75
PAY001689,INV00599,23/12/2025 0:00,2416.99
PAY001690,INV01251,23/12/2025 0:00,4868.91
PAY001691,INV00089,24/12/2025 0:00,3247.85
PAY001692,INV00473,24/12/2025 0:00,5287.08
PAY001693,INV01186,24/12/2025 0:00,9781.06
PAY001694,INV00094,26/12/2025 0:00,11235.38
PAY001695,INV00282,26/12/2025 0:00,11746.4
PAY001696,INV00326,26/12/2025 0:00,5226.7
PAY001697,INV00518,26/12/2025 0:00,400.6
PAY001698,INV00419,26/12/2025 0:00,2546.36
PAY001699,INV01444,27/12/2025 0:00,1905
PAY001700,INV00059,29/12/2025 0:00,9440.75
PAY001701,INV01000,29/12/2025 0:00,3973
PAY001702,INV00256,29/12/2025 0:00,12312.24
PAY001703,INV00405,29/12/2025 0:00,9680.69
PAY001704,INV00578,31/12/2025 0:00,4901.4
PAY001705,INV00817,31/12/2025 0:00,1450.59
PAY001706,INV00296,1/1/2026 0:00,4264.42
PAY001707,INV00670,2/1/2026 0:00,2550.12
PAY001708,INV01041,2/1/2026 0:00,12411.25
PAY001709,INV01190,4/1/2026 0:00,12339.47
PAY001710,INV01180,5/1/2026 0:00,4543
PAY001711,INV00108,6/1/2026 0:00,10106.29
PAY001712,INV00194,6/1/2026 0:00,3924.29
PAY001713,INV00814,7/1/2026 0:00,1770.99
PAY001714,INV01053,8/1/2026 0:00,11826.55
PAY001715,INV01354,8/1/2026 0:00,6798.04
PAY001716,INV01365,9/1/2026 0:00,11391.97
PAY001717,INV00289,10/1/2026 0:00,5114.86
PAY001718,INV00322,10/1/2026 0:00,5498.61
PAY001719,INV00593,10/1/2026 0:00,3843.7
PAY001720,INV00015,11/1/2026 0:00,8717.06
PAY001721,INV01055,11/1/2026 0:00,2156.15
PAY001722,INV01379,12/1/2026 0:00,10178.81
PAY001723,INV00788,13/1/2026 0:00,2514.27
PAY001724,INV00818,14/1/2026 0:00,197.45
PAY001725,INV00950,14/1/2026 0:00,7319.68
PAY001726,INV00484,15/1/2026 0:00,672.68
PAY001727,INV01499,15/1/2026 0:00,3510.99
PAY001728,INV00589,16/1/2026 0:00,13104.3
PAY001729,INV00133,17/1/2026 0:00,11852.73
PAY001730,INV00433,18/1/2026 0:00,4156.61
PAY001731,INV01004,18/1/2026 0:00,8158.65
PAY001732,INV00987,19/1/2026 0:00,23327.64
PAY001733,INV00572,19/1/2026 0:00,3624
PAY001734,INV00817,20/1/2026 0:00,1450.6
PAY001735,INV00133,21/1/2026 0:00,11852.73
PAY001736,INV00471,21/1/2026 0:00,11958.19
PAY001737,INV01336,21/1/2026 0:00,5218
PAY001738,INV00635,22/1/2026 0:00,14846.31
PAY001739,INV01433,23/1/2026 0:00,18375
PAY001740,INV00869,25/1/2026 0:00,2740.07
PAY001741,INV01313,25/1/2026 0:00,797.91
PAY001742,INV00869,26/1/2026 0:00,2740.06
PAY001743,INV00617,26/1/2026 0:00,16569
PAY001744,INV00778,28/1/2026 0:00,7985.37
PAY001745,INV00549,28/1/2026 0:00,2490
PAY001746,INV00280,29/1/2026 0:00,3350.78
PAY001747,INV01314,29/1/2026 0:00,5537.56
PAY001748,INV01327,29/1/2026 0:00,674.78
PAY001749,INV00496,30/1/2026 0:00,18366.91
PAY001750,INV00815,30/1/2026 0:00,6003.72
PAY001751,INV01465,30/1/2026 0:00,7810.63
PAY001752,INV00024,31/1/2026 0:00,4074.06
PAY001753,INV00801,31/1/2026 0:00,876.59
PAY001754,INV01174,31/1/2026 0:00,454.71
PAY001755,INV00821,1/2/2026 0:00,4079.13
PAY001756,INV00823,3/2/2026 0:00,5919.07
PAY001757,INV01310,5/2/2026 0:00,2997.87
PAY001758,INV00277,6/2/2026 0:00,4502.86
PAY001759,INV00359,6/2/2026 0:00,11746.99
PAY001760,INV00841,9/2/2026 0:00,6347.11
PAY001761,INV00928,9/2/2026 0:00,3932
PAY001762,INV00874,10/2/2026 0:00,12244
PAY001763,INV00074,11/2/2026 0:00,2142.53
PAY001764,INV00323,12/2/2026 0:00,13816.24
PAY001765,INV00841,12/2/2026 0:00,6347.12
PAY001766,INV00970,12/2/2026 0:00,13192.9
PAY001767,INV01021,16/2/2026 0:00,12859.17
PAY001768,INV00812,18/2/2026 0:00,14367.45
PAY001769,INV00834,18/2/2026 0:00,4316.43
PAY001770,INV00505,19/2/2026 0:00,5506.02
PAY001771,INV00969,19/2/2026 0:00,2354.91
PAY001772,INV01103,19/2/2026 0:00,5245.28
PAY001773,INV01148,19/2/2026 0:00,8317
PAY001774,INV00343,21/2/2026 0:00,18822
PAY001775,INV00285,21/2/2026 0:00,1991
PAY001776,INV01098,23/2/2026 0:00,2929
PAY001777,INV01053,24/2/2026 0:00,11826.54
PAY001778,INV00038,25/2/2026 0:00,24263.2
PAY001779,INV00818,26/2/2026 0:00,197.45
PAY001780,INV01367,26/2/2026 0:00,12238
PAY001781,INV00074,28/2/2026 0:00,2142.53
PAY001782,INV01176,1/3/2026 0:00,1090.85
PAY001783,INV01190,11/3/2026 0:00,12339.48
PAY001784,INV01499,14/3/2026 0:00,3510.99
PAY001785,INV00089,15/3/2026 0:00,3247.86
PAY001786,INV00832,17/3/2026 0:00,2318.6
PAY001787,INV00324,25/3/2026 0:00,5174.89
PAY001788,INV01314,6/4/2026 0:00,5537.57
PAY001789,INV00599,11/4/2026 0:00,2416.99
PAY001790,INV00117,12/4/2026 0:00,2121.05
PAY001791,INV01485,14/4/2026 0:00,2806.02
